GP,ATT,CMP,YDS,YDS/G,TD,INT,RATE,ATT.1,YDS.1,AVG,TD.1,FL,FPTS,FPPG,TGT,REC,AVG.1,FGM,FGA,LNG,2024-01-19 00:00:00,1-19A,20-29,20-29A,30-39,30-39A,40-49,40-49A,50+,50+A,XPM,XPA,TEAM,SFTY,SCK,TK,FREC,FUM,DTD,PTS,PPG,PASS,RUSH,TOTAL,search_full_name,search_team_name,full_name,position,team
17.0,520.0,344.0,3966.0,233.3,31.0,16.0,96.0,147.0,600.0,4.1,13.0,4.0,441.3,26.0,,,,,,,,,,,,,,,,,,,,,,,,,,,,,,,jalenhurts,,Jalen Hurts,QB,PHI
17.0,558.0,363.0,3997.0,235.1,32.0,15.0,94.1,129.0,686.0,5.3,10.0,4.0,441.2,26.0,,,,,,,,,,,,,,,,,,,,,,,,,,,,,,,joshallen,,Josh Allen,QB,BUF
17.0,452.0,297.0,3609.0,212.3,29.0,11.0,101.4,154.0,919.0,6.0,5.0,6.0,405.2,23.8,,,,,,,,,,,,,,,,,,,,,,,,,,,,,,,lamarjackson,,Lamar Jackson,QB,BAL
17.0,609.0,415.0,4484.0,263.8,32.0,11.0,99.5,76.0,421.0,5.5,1.0,2.0,391.0,23.0,,,,,,,,,,,,,,,,,,,,,,,,,,,,,,,patrickmahomes,,Patrick Mahomes,QB,KC
17.0,525.0,349.0,3990.0,234.7,36.0,10.0,104.1,46.0,184.0,4.0,3.0,2.0,385.4,22.7,,,,,,,,,,,,,,,,,,,,,,,,,,,,,,,jordanlove,,Jordan Love,QB,GB
17.0,576.0,389.0,4230.0,248.8,34.0,13.0,99.2,56.0,230.0,4.1,2.0,2.0,376.1,22.1,,,,,,,,,,,,,,,,,,,,,,,,,,,,,,,dakprescott,,Dak Prescott,QB,DAL
17.0,469.0,321.0,4206.0,247.4,33.0,9.0,111.9,44.0,157.0,3.6,2.0,2.0,370.5,21.8,,,,,,,,,,,,,,,,,,,,,,,,,,,,,,,brockpurdy,,Brock Purdy,QB,SF
17.0,594.0,405.0,4265.0,250.9,33.0,12.0,98.9,50.0,150.0,3.0,2.0,2.0,365.1,21.5,,,,,,,,,,,,,,,,,,,,,,,,,,,,,,,joeburrow,,Joe Burrow,QB,CIN
17.0,550.0,345.0,3604.0,212.0,27.0,15.0,86.7,129.0,633.0,4.9,5.0,6.0,356.3,21.0,,,,,,,,,,,,,,,,,,,,,,,,,,,,,,,jaydendaniels,,Jayden Daniels,QB,WAS
17.0,528.0,346.0,4223.0,248.4,30.0,9.0,101.9,40.0,162.0,4.1,3.0,4.0,355.3,20.9,,,,,,,,,,,,,,,,,,,,,,,,,,,,,,,c.j.stroud,,C.j. Stroud,QB,HOU
17.0,494.0,318.0,3478.0,204.6,28.0,13.0,93.0,116.0,565.0,4.9,5.0,6.0,354.1,20.8,,,,,,,,,,,,,,,,,,,,,,,,,,,,,,,calebwilliams,,Caleb Williams,QB,CHI
17.0,508.0,320.0,3592.0,211.3,24.0,10.0,91.6,153.0,629.0,4.1,6.0,6.0,353.7,20.8,,,,,,,,,,,,,,,,,,,,,,,,,,,,,,,anthonyrichardson,,Anthony Richardson,QB,IND
17.0,557.0,378.0,3647.0,214.5,27.0,14.0,91.6,83.0,436.0,5.3,5.0,0.0,351.3,20.7,,,,,,,,,,,,,,,,,,,,,,,,,,,,,,,kylermurray,,Kyler Murray,QB,ARI
17.0,561.0,381.0,3990.0,234.7,28.0,12.0,96.0,70.0,308.0,4.4,5.0,6.0,351.0,20.6,,,,,,,,,,,,,,,,,,,,,,,,,,,,,,,trevorlawrence,,Trevor Lawrence,QB,JAC
17.0,574.0,397.0,4431.0,260.6,31.0,9.0,103.4,32.0,42.0,1.3,1.0,3.0,349.6,20.6,,,,,,,,,,,,,,,,,,,,,,,,,,,,,,,jaredgoff,,Jared Goff,QB,DET
17.0,572.0,372.0,3924.0,230.8,28.0,10.0,93.9,65.0,263.0,4.1,3.0,2.0,343.3,20.2,,,,,,,,,,,,,,,,,,,,,,,,,,,,,,,justinherbert,,Justin Herbert,QB,LAC
17.0,515.0,341.0,4029.0,237.0,30.0,7.0,103.6,38.0,111.0,2.9,2.0,6.0,337.0,19.8,,,,,,,,,,,,,,,,,,,,,,,,,,,,,,,kirkcousins,,Kirk Cousins,QB,ATL
17.0,604.0,355.0,4022.0,236.6,28.0,18.0,81.8,68.0,350.0,5.2,2.0,4.0,329.8,19.4,,,,,,,,,,,,,,,,,,,,,,,,,,,,,,,deshaunwatson,,Deshaun Watson,QB,CLE
17.0,570.0,360.0,3993.0,234.9,29.0,11.0,92.8,52.0,150.0,2.9,1.0,3.0,324.1,19.1,,,,,,,,,,,,,,,,,,,,,,,,,,,,,,,bakermayfield,,Baker Mayfield,QB,TB
17.0,546.0,366.0,3894.0,229.1,31.0,10.0,99.0,32.0,59.0,1.8,0.0,3.0,321.6,18.9,,,,,,,,,,,,,,,,,,,,,,,,,,,,,,,derekcarr,,Derek Carr,QB,NO
17.0,527.0,366.0,4290.0,252.4,29.0,13.0,101.9,35.0,93.0,2.7,0.0,4.0,319.8,18.8,,,,,,,,,,,,,,,,,,,,,,,,,,,,,,,tuatagovailoa,,Tua Tagovailoa,QB,MIA
17.0,525.0,348.0,3763.0,221.4,28.0,13.0,94.6,43.0,184.0,4.3,2.0,3.0,314.6,18.5,,,,,,,,,,,,,,,,,,,,,,,,,,,,,,,genosmith,,Geno Smith,QB,SEA
17.0,556.0,352.0,4144.0,243.8,28.0,13.0,92.9,25.0,63.0,2.5,0.0,1.0,311.2,18.3,,,,,,,,,,,,,,,,,,,,,,,,,,,,,,,matthewstafford,,Matthew Stafford,QB,LAR
17.0,480.0,310.0,3124.0,183.8,20.0,14.0,84.8,106.0,556.0,5.3,4.0,3.0,288.2,17.0,,,,,,,,,,,,,,,,,,,,,,,,,,,,,,,danieljones,,Daniel Jones,QB,NYG
17.0,550.0,356.0,3623.0,213.1,24.0,9.0,91.2,28.0,73.0,2.6,2.0,2.0,286.1,16.8,,,,,,,,,,,,,,,,,,,,,,,,,,,,,,,aaronrodgers,,Aaron Rodgers,QB,NYJ
17.0,576.0,381.0,4130.0,242.9,25.0,20.0,87.1,31.0,57.0,1.8,1.0,2.0,282.4,16.6,,,,,,,,,,,,,,,,,,,,,,,,,,,,,,,samdarnold,,Sam Darnold,QB,MIN
17.0,457.0,291.0,3074.0,180.8,24.0,11.0,90.7,60.0,251.0,4.2,1.0,4.0,265.6,15.6,,,,,,,,,,,,,,,,,,,,,,,,,,,,,,,bonix,,Bo Nix,QB,DEN
17.0,439.0,284.0,3287.0,193.4,22.0,14.0,90.6,48.0,183.0,3.8,2.0,4.0,255.6,15.0,,,,,,,,,,,,,,,,,,,,,,,,,,,,,,,willlevis,,Will Levis,QB,TEN
17.0,515.0,309.0,3023.0,177.8,20.0,11.0,80.6,38.0,230.0,6.1,1.0,3.0,239.7,14.1,,,,,,,,,,,,,,,,,,,,,,,,,,,,,,,bryceyoung,,Bryce Young,QB,CAR
17.0,391.0,244.0,2663.0,156.6,17.0,8.0,88.4,66.0,277.0,4.2,4.0,4.0,234.6,13.8,,,,,,,,,,,,,,,,,,,,,,,,,,,,,,,russellwilson,,Russell Wilson,QB,PIT
17.0,466.0,287.0,3109.0,182.9,20.0,14.0,83.0,28.0,68.0,2.4,2.0,4.0,226.9,13.3,,,,,,,,,,,,,,,,,,,,,,,,,,,,,,,gardnerminshew,,Gardner Minshew,QB,LV
17.0,5.0,4.0,38.0,2.2,0.0,0.0,98.3,80.0,403.0,5.0,6.0,1.0,154.7,9.1,,,,,,,,,,,,,,,,,,,,,,,,,,,,,,,taysomhill,,Taysom Hill,QB,NO
17.0,333.0,214.0,2107.0,123.9,13.0,14.0,77.5,38.0,155.0,4.1,1.0,1.0,152.3,9.0,,,,,,,,,,,,,,,,,,,,,,,,,,,,,,,drakemaye,,Drake Maye,QB,NE
17.0,188.0,121.0,1203.0,70.8,7.0,7.0,79.3,16.0,69.0,4.3,0.0,1.0,80.9,4.8,,,,,,,,,,,,,,,,,,,,,,,,,,,,,,,jacobybrissett,,Jacoby Brissett,QB,NE
17.0,97.0,59.0,639.0,37.6,4.0,2.0,85.4,39.0,197.0,5.1,2.0,1.0,73.1,4.3,,,,,,,,,,,,,,,,,,,,,,,,,,,,,,,justinfields,,Justin Fields,QB,PIT
17.0,52.0,32.0,346.0,20.4,2.0,1.0,85.9,3.0,3.0,1.0,0.0,0.0,26.5,1.6,,,,,,,,,,,,,,,,,,,,,,,,,,,,,,,aidano'connell,,Aidan O'connell,QB,LV
17.0,39.0,25.0,264.0,15.5,2.0,1.0,90.1,6.0,20.0,3.3,0.0,0.0,24.5,1.4,,,,,,,,,,,,,,,,,,,,,,,,,,,,,,,jarrettstidham,,Jarrett Stidham,QB,DEN
17.0,25.0,16.0,170.0,10.0,1.0,0.0,97.1,4.0,18.0,4.5,0.0,0.0,17.7,1.0,,,,,,,,,,,,,,,,,,,,,,,,,,,,,,,carsonwentz,,Carson Wentz,QB,KC
17.0,19.0,13.0,172.0,10.1,1.0,0.0,114.4,5.0,21.0,4.2,0.0,0.0,17.7,1.0,,,,,,,,,,,,,,,,,,,,,,,,,,,,,,,joshuadobbs,,Joshua Dobbs,QB,SF
17.0,24.0,17.0,174.0,10.2,1.0,0.0,105.2,3.0,15.0,5.0,0.0,0.0,16.7,1.0,,,,,,,,,,,,,,,,,,,,,,,,,,,,,,,jakebrowning,,Jake Browning,QB,CIN
17.0,19.0,12.0,147.0,8.6,1.0,0.0,104.5,5.0,26.0,5.2,0.0,0.0,16.5,1.0,,,,,,,,,,,,,,,,,,,,,,,,,,,,,,,joshjohnson,,Josh Johnson,QB,BAL
17.0,23.0,14.0,147.0,8.6,1.0,0.0,93.9,4.0,22.0,5.5,0.0,0.0,16.5,1.0,,,,,,,,,,,,,,,,,,,,,,,,,,,,,,,eastonstick,,Easton Stick,QB,LAC
17.0,21.0,12.0,121.0,7.1,1.0,0.0,89.6,4.0,17.0,4.3,0.0,0.0,15.9,0.9,,,,,,,,,,,,,,,,,,,,,,,,,,,,,,,andydalton,,Andy Dalton,QB,CAR
17.0,22.0,13.0,157.0,9.2,1.0,0.0,96.2,4.0,14.0,3.5,0.0,0.0,15.9,0.9,,,,,,,,,,,,,,,,,,,,,,,,,,,,,,,davismills,,Davis Mills,QB,HOU
17.0,23.0,16.0,163.0,9.6,1.0,0.0,104.1,4.0,15.0,3.8,0.0,0.0,15.9,0.9,,,,,,,,,,,,,,,,,,,,,,,,,,,,,,,macjones,,Mac Jones,QB,JAC
17.0,22.0,15.0,148.0,8.7,1.0,0.0,102.1,4.0,15.0,3.8,0.0,0.0,15.5,0.9,,,,,,,,,,,,,,,,,,,,,,,,,,,,,,,tyrodtaylor,,Tyrod Taylor,QB,NYJ
17.0,17.0,11.0,119.0,7.0,1.0,0.0,104.8,2.0,8.0,4.0,0.0,0.0,14.9,0.9,,,,,,,,,,,,,,,,,,,,,,,,,,,,,,,spencerrattler,,Spencer Rattler,QB,NO
17.0,16.0,10.0,123.0,7.2,1.0,0.0,107.0,2.0,10.0,5.0,0.0,0.0,14.9,0.9,,,,,,,,,,,,,,,,,,,,,,,,,,,,,,,michaelpenix,,Michael Penix,Jr.,QB
17.0,16.0,11.0,122.0,7.2,1.0,0.0,112.0,2.0,8.0,4.0,0.0,0.0,14.9,0.9,,,,,,,,,,,,,,,,,,,,,,,,,,,,,,,michaelpratt,,Michael Pratt,QB,GB
17.0,21.0,14.0,162.0,9.5,1.0,1.0,85.8,5.0,26.0,5.2,0.0,0.0,14.9,0.9,,,,,,,,,,,,,,,,,,,,,,,,,,,,,,,kennypickett,,Kenny Pickett,QB,PHI
17.0,22.0,15.0,160.0,9.4,1.0,1.0,85.4,5.0,24.0,4.8,0.0,0.0,14.9,0.9,,,,,,,,,,,,,,,,,,,,,,,,,,,,,,,mitchtrubisky,,Mitch Trubisky,QB,BUF
17.0,24.0,15.0,159.0,9.4,1.0,1.0,78.3,5.0,18.0,3.6,0.0,0.0,14.9,0.9,,,,,,,,,,,,,,,,,,,,,,,,,,,,,,,treylance,,Trey Lance,QB,DAL
17.0,25.0,15.0,164.0,9.6,1.0,1.0,76.1,5.0,21.0,4.2,0.0,0.0,14.9,0.9,,,,,,,,,,,,,,,,,,,,,,,,,,,,,,,jameiswinston,,Jameis Winston,QB,CLE
17.0,22.0,15.0,172.0,10.1,1.0,1.0,87.7,4.0,4.0,1.0,0.0,0.0,14.7,0.9,,,,,,,,,,,,,,,,,,,,,,,,,,,,,,,mikewhite,,Mike White,QB,MIA
17.0,20.0,13.0,139.0,8.2,1.0,1.0,81.0,5.0,20.0,4.0,0.0,0.0,14.5,0.9,,,,,,,,,,,,,,,,,,,,,,,,,,,,,,,tysonbagent,,Tyson Bagent,QB,CHI
17.0,16.0,10.0,106.0,6.2,1.0,0.0,102.6,2.0,7.0,3.5,0.0,0.0,14.5,0.9,,,,,,,,,,,,,,,,,,,,,,,,,,,,,,,carterbradley,,Carter Bradley,QB,LV
17.0,21.0,13.0,147.0,8.6,1.0,0.0,98.7,5.0,20.0,4.0,0.0,1.0,14.5,0.9,,,,,,,,,,,,,,,,,,,,,,,,,,,,,,,joeflacco,,Joe Flacco,QB,IND
15.0,20.0,13.0,146.0,9.7,1.0,0.0,103.3,4.0,17.0,4.3,0.0,0.0,14.3,1.0,,,,,,,,,,,,,,,,,,,,,,,,,,,,,,,jimmygaroppolo,,Jimmy Garoppolo,QB,LAR
17.0,19.0,10.0,100.0,5.9,1.0,0.0,85.4,4.0,3.0,0.8,0.0,0.0,14.1,0.8,,,,,,,,,,,,,,,,,,,,,,,,,,,,,,,kyletrask,,Kyle Trask,QB,TB
17.0,20.0,12.0,124.0,7.3,1.0,1.0,73.8,4.0,17.0,4.3,0.0,0.0,13.9,0.8,,,,,,,,,,,,,,,,,,,,,,,,,,,,,,,drewlock,,Drew Lock,QB,NYG
17.0,24.0,15.0,166.0,9.8,1.0,1.0,79.5,5.0,4.0,0.8,0.0,0.0,13.9,0.8,,,,,,,,,,,,,,,,,,,,,,,,,,,,,,,cooperrush,,Cooper Rush,QB,DAL
17.0,24.0,16.0,169.0,9.9,1.0,1.0,83.5,4.0,14.0,3.5,0.0,0.0,13.9,0.8,,,,,,,,,,,,,,,,,,,,,,,,,,,,,,,nickmullens,,Nick Mullens,QB,MIN
17.0,21.0,14.0,154.0,9.1,1.0,1.0,84.2,4.0,16.0,4.0,0.0,0.0,13.9,0.8,,,,,,,,,,,,,,,,,,,,,,,,,,,,,,,samhowell,,Sam Howell,QB,SEA
17.0,22.0,14.0,144.0,8.5,1.0,1.0,78.6,4.0,16.0,4.0,0.0,0.0,13.5,0.8,,,,,,,,,,,,,,,,,,,,,,,,,,,,,,,marcusmariota,,Marcus Mariota,QB,WAS
17.0,23.0,15.0,144.0,8.5,1.0,1.0,78.9,4.0,20.0,5.0,0.0,1.0,12.5,0.7,,,,,,,,,,,,,,,,,,,,,,,,,,,,,,,desmondridder,,Desmond Ridder,QB,ARI
17.0,261.0,,1260.0,36.1,11.0,,,,614.0,4.8,7.0,2.0,362.0,21.3,89.0,71.0,8.7,,,,,,,,,,,,,,,,,,,,,,,,,,,,christianmccaffrey,,Christian Mccaffrey,RB,SF
17.0,217.0,,932.0,38.0,9.0,,,,646.0,4.3,8.0,1.0,331.4,19.5,95.0,75.0,8.6,,,,,,,,,,,,,,,,,,,,,,,,,,,,breecehall,,Breece Hall,RB,NYJ
17.0,282.0,,1217.0,23.5,14.0,,,,400.0,4.3,6.0,2.0,328.8,19.3,76.0,53.0,7.6,,,,,,,,,,,,,,,,,,,,,,,,,,,,saquonbarkley,,Saquon Barkley,RB,PHI
17.0,228.0,,1111.0,35.5,6.0,,,,604.0,4.9,8.0,3.0,317.0,18.6,102.0,69.0,8.8,,,,,,,,,,,,,,,,,,,,,,,,,,,,bijanrobinson,,Bijan Robinson,RB,ATL
17.0,304.0,,1386.0,15.9,12.0,,,,271.0,4.6,2.0,1.0,279.2,16.4,43.0,34.0,8.0,,,,,,,,,,,,,,,,,,,,,,,,,,,,jonathantaylor,,Jonathan Taylor,RB,IND
17.0,279.0,,1289.0,22.9,6.0,,,,390.0,4.6,4.0,2.0,263.9,15.5,53.0,43.0,9.1,,,,,,,,,,,,,,,,,,,,,,,,,,,,jamescook,,James Cook,RB,BUF
17.0,262.0,,1206.0,13.6,12.0,,,,231.0,4.6,3.0,2.0,262.1,15.4,52.0,35.0,6.6,,,,,,,,,,,,,,,,,,,,,,,,,,,,kyrenwilliams,,Kyren Williams,RB,LAR
17.0,197.0,,950.0,24.8,10.0,,,,422.0,4.8,1.0,2.0,259.3,15.3,86.0,63.0,6.7,,,,,,,,,,,,,,,,,,,,,,,,,,,,jahmyrgibbs,,Jahmyr Gibbs,RB,DET
17.0,246.0,,905.0,24.4,11.0,,,,415.0,3.7,1.0,1.0,250.9,14.8,63.0,50.0,8.3,,,,,,,,,,,,,,,,,,,,,,,,,,,,travisetienne,,Travis Etienne,RB,JAC
17.0,257.0,,927.0,21.3,10.0,,,,362.0,3.6,3.0,1.0,246.5,14.5,52.0,43.0,8.4,,,,,,,,,,,,,,,,,,,,,,,,,,,,joemixon,,Joe Mixon,RB,HOU
17.0,264.0,,1299.0,13.4,12.0,,,,228.0,4.9,0.0,1.0,246.3,14.5,32.0,25.0,9.1,,,,,,,,,,,,,,,,,,,,,,,,,,,,derrickhenry,,Derrick Henry,RB,BAL
17.0,223.0,,865.0,26.2,8.0,,,,446.0,3.9,3.0,2.0,245.2,14.4,61.0,54.0,8.3,,,,,,,,,,,,,,,,,,,,,,,,,,,,rachaadwhite,,Rachaad White,RB,TB
17.0,189.0,,718.0,30.9,6.0,,,,526.0,3.8,2.0,1.0,243.4,14.3,91.0,75.0,7.0,,,,,,,,,,,,,,,,,,,,,,,,,,,,alvinkamara,,Alvin Kamara,RB,NO
17.0,231.0,,1018.0,15.1,11.0,,,,257.0,4.4,2.0,2.0,242.8,14.3,47.0,43.0,6.0,,,,,,,,,,,,,,,,,,,,,,,,,,,,isiahpacheco,,Isiah Pacheco,RB,KC
17.0,144.0,,903.0,17.5,9.0,,,,298.0,6.3,5.0,1.0,242.0,14.2,58.0,41.0,7.3,,,,,,,,,,,,,,,,,,,,,,,,,,,,de'vonachane,,De'von Achane,RB,MIA
17.0,275.0,,1121.0,16.7,11.0,,,,284.0,4.1,0.0,1.0,235.7,13.9,46.0,34.0,8.4,,,,,,,,,,,,,,,,,,,,,,,,,,,,joshjacobs,,Josh Jacobs,RB,GB
17.0,214.0,,962.0,14.6,8.0,,,,249.0,4.5,3.0,1.0,220.0,12.9,45.0,37.0,6.7,,,,,,,,,,,,,,,,,,,,,,,,,,,,jamesconner,,James Conner,RB,ARI
17.0,220.0,,858.0,14.4,12.0,,,,244.0,3.9,1.0,1.0,213.8,12.6,37.0,29.0,8.4,,,,,,,,,,,,,,,,,,,,,,,,,,,,kennethwalker,,Kenneth Walker,III,RB
17.0,261.0,,1233.0,13.4,5.0,,,,228.0,4.7,0.0,2.0,203.5,12.0,42.0,33.0,6.9,,,,,,,,,,,,,,,,,,,,,,,,,,,,zamirwhite,,Zamir White,RB,LV
17.0,213.0,,825.0,18.8,6.0,,,,320.0,3.9,0.0,1.0,196.2,11.5,66.0,50.0,6.4,,,,,,,,,,,,,,,,,,,,,,,,,,,,rhamondrestevenson,,Rhamondre Stevenson,RB,NE
17.0,168.0,,724.0,21.3,5.0,,,,362.0,4.3,2.0,1.0,196.1,11.5,68.0,49.0,7.4,,,,,,,,,,,,,,,,,,,,,,,,,,,,aaronjones,,Aaron Jones,RB,MIN
17.0,230.0,,965.0,10.8,10.0,,,,183.0,4.2,0.0,1.0,194.2,11.4,32.0,24.0,7.6,,,,,,,,,,,,,,,,,,,,,,,,,,,,davidmontgomery,,David Montgomery,RB,DET
17.0,240.0,,970.0,10.8,8.0,,,,183.0,4.0,1.0,1.0,193.9,11.4,37.0,28.0,6.5,,,,,,,,,,,,,,,,,,,,,,,,,,,,najeeharris,,Najee Harris,RB,PIT
17.0,197.0,,919.0,15.1,4.0,,,,257.0,4.7,2.0,1.0,191.3,11.3,50.0,40.0,6.4,,,,,,,,,,,,,,,,,,,,,,,,,,,,d'andreswift,,D'andre Swift,RB,CHI
17.0,172.0,,753.0,14.9,6.0,,,,254.0,4.4,3.0,1.0,187.6,11.0,50.0,37.0,6.9,,,,,,,,,,,,,,,,,,,,,,,,,,,,zackmoss,,Zack Moss,RB,CIN
17.0,176.0,,822.0,6.4,11.0,,,,108.0,4.7,2.0,1.0,185.2,10.9,22.0,17.0,6.4,,,,,,,,,,,,,,,,,,,,,,,,,,,,raheemmostert,,Raheem Mostert,RB,MIA
17.0,175.0,,716.0,17.2,6.0,,,,292.0,4.1,4.0,2.0,184.3,10.8,34.0,28.0,10.4,,,,,,,,,,,,,,,,,,,,,,,,,,,,brianrobinson,,Brian Robinson,Jr.,RB
17.0,234.0,,940.0,11.3,7.0,,,,192.0,4.0,0.0,1.0,181.2,10.7,35.0,29.0,6.6,,,,,,,,,,,,,,,,,,,,,,,,,,,,tonypollard,,Tony Pollard,RB,TEN
17.0,135.0,,713.0,19.9,4.0,,,,338.0,5.3,1.0,2.0,179.0,10.5,62.0,51.0,6.6,,,,,,,,,,,,,,,,,,,,,,,,,,,,jaylenwarren,,Jaylen Warren,RB,PIT
17.0,192.0,,866.0,15.5,5.0,,,,263.0,4.5,1.0,1.0,177.5,10.4,40.0,33.0,8.0,,,,,,,,,,,,,,,,,,,,,,,,,,,,nickchubb,,Nick Chubb,RB,CLE
17.0,204.0,,797.0,13.4,4.0,,,,227.0,3.9,2.0,1.0,177.3,10.4,54.0,43.0,5.3,,,,,,,,,,,,,,,,,,,,,,,,,,,,javontewilliams,,Javonte Williams,RB,DEN
17.0,132.0,,560.0,19.2,7.0,,,,326.0,4.2,2.0,3.0,173.7,10.2,53.0,39.0,8.4,,,,,,,,,,,,,,,,,,,,,,,,,,,,austinekeler,,Austin Ekeler,RB,WAS
17.0,137.0,,557.0,15.9,6.0,,,,270.0,4.1,4.0,1.0,170.9,10.1,43.0,33.0,8.2,,,,,,,,,,,,,,,,,,,,,,,,,,,,j.k.dobbins,,J.k. Dobbins,RB,LAC
17.0,133.0,,626.0,23.6,3.0,,,,401.0,4.7,3.0,1.0,169.3,10.0,38.0,35.0,11.5,,,,,,,,,,,,,,,,,,,,,,,,,,,,chasebrown,,Chase Brown,RB,CIN
17.0,147.0,,611.0,15.6,3.0,,,,266.0,4.2,5.0,1.0,168.0,9.9,51.0,37.0,7.2,,,,,,,,,,,,,,,,,,,,,,,,,,,,jeromeford,,Jerome Ford,RB,CLE
17.0,199.0,,879.0,9.8,5.0,,,,167.0,4.4,0.0,1.0,160.0,9.4,39.0,30.0,5.6,,,,,,,,,,,,,,,,,,,,,,,,,,,,devinsingletary,,Devin Singletary,RB,NYG
17.0,140.0,,601.0,18.9,3.0,,,,321.0,4.3,1.0,1.0,154.1,9.1,57.0,42.0,7.6,,,,,,,,,,,,,,,,,,,,,,,,,,,,tyjaespears,,Tyjae Spears,RB,TEN
17.0,191.0,,720.0,11.2,5.0,,,,191.0,3.8,2.0,1.0,152.1,8.9,29.0,22.0,8.7,,,,,,,,,,,,,,,,,,,,,,,,,,,,ricodowdle,,Rico Dowdle,RB,DAL
17.0,174.0,,629.0,10.9,10.0,,,,185.0,3.6,0.0,2.0,150.9,8.9,17.0,15.0,12.3,,,,,,,,,,,,,,,,,,,,,,,,,,,,gusedwards,,Gus Edwards,RB,LAC
17.0,106.0,,378.0,23.2,2.0,,,,395.0,3.6,2.0,2.0,148.5,8.7,64.0,52.0,7.6,,,,,,,,,,,,,,,,,,,,,,,,,,,,antoniogibson,,Antonio Gibson,RB,NE
15.0,178.0,,710.0,11.5,5.0,,,,173.0,4.0,1.0,3.0,135.2,9.0,26.0,20.0,8.7,,,,,,,,,,,,,,,,,,,,,,,,,,,,jonathonbrooks,,Jonathon Brooks,RB,CAR
17.0,156.0,,739.0,7.2,6.0,,,,122.0,4.7,1.0,3.0,135.2,8.0,19.0,14.0,8.7,,,,,,,,,,,,,,,,,,,,,,,,,,,,treybenson,,Trey Benson,RB,ARI
17.0,158.0,,677.0,8.1,6.0,,,,138.0,4.3,1.0,3.0,129.0,7.6,17.0,13.0,10.6,,,,,,,,,,,,,,,,,,,,,,,,,,,,blakecorum,,Blake Corum,RB,LAR
17.0,130.0,,455.0,11.4,4.0,,,,194.0,3.5,2.0,1.0,125.9,7.4,38.0,29.0,6.7,,,,,,,,,,,,,,,,,,,,,,,,,,,,ezekielelliott,,Ezekiel Elliott,RB,DAL
17.0,128.0,,555.0,9.8,6.0,,,,167.0,4.3,0.0,1.0,125.7,7.4,27.0,22.0,7.6,,,,,,,,,,,,,,,,,,,,,,,,,,,,tychandler,,Ty Chandler,RB,MIN
17.0,146.0,,597.0,7.7,6.0,,,,131.0,4.1,1.0,2.0,122.6,7.2,17.0,13.0,10.1,,,,,,,,,,,,,,,,,,,,,,,,,,,,marshawnlloyd,,Marshawn Lloyd,RB,GB
17.0,135.0,,548.0,10.8,4.0,,,,183.0,4.1,2.0,1.0,122.4,7.2,21.0,17.0,10.8,,,,,,,,,,,,,,,,,,,,,,,,,,,,tylerallgeier,,Tyler Allgeier,RB,ATL
17.0,103.0,,582.0,8.5,2.0,,,,144.0,5.7,2.0,1.0,120.5,7.1,32.0,27.0,5.3,,,,,,,,,,,,,,,,,,,,,,,,,,,,jaleelmclaughlin,,Jaleel Mclaughlin,RB,DEN
17.0,148.0,,555.0,10.5,4.0,,,,179.0,3.8,0.0,1.0,120.4,7.1,31.0,27.0,6.6,,,,,,,,,,,,,,,,,,,,,,,,,,,,chubahubbard,,Chuba Hubbard,RB,CAR
17.0,100.0,,383.0,16.2,2.0,,,,276.0,3.8,2.0,1.0,116.6,6.9,38.0,30.0,9.2,,,,,,,,,,,,,,,,,,,,,,,,,,,,clydeedwards-helaire,,Clyde Edwards-helaire,RB,KC
17.0,132.0,,578.0,8.9,3.0,,,,151.0,4.4,1.0,1.0,116.5,6.9,34.0,23.0,6.6,,,,,,,,,,,,,,,,,,,,,,,,,,,,khalilherbert,,Khalil Herbert,RB,CHI
17.0,115.0,,488.0,11.8,4.0,,,,201.0,4.2,0.0,2.0,115.3,6.8,37.0,29.0,6.9,,,,,,,,,,,,,,,,,,,,,,,,,,,,kennethgainwell,,Kenneth Gainwell,RB,PHI
17.0,124.0,,505.0,12.5,2.0,,,,212.0,4.1,0.0,1.0,113.7,6.7,41.0,34.0,6.2,,,,,,,,,,,,,,,,,,,,,,,,,,,,zachcharbonnet,,Zach Charbonnet,RB,SEA
17.0,102.0,,478.0,10.6,5.0,,,,180.0,4.7,1.0,2.0,113.6,6.7,23.0,17.0,10.6,,,,,,,,,,,,,,,,,,,,,,,,,,,,jaylenwright,,Jaylen Wright,RB,MIA
17.0,130.0,,477.0,11.8,4.0,,,,201.0,3.7,1.0,3.0,110.3,6.5,27.0,20.0,10.1,,,,,,,,,,,,,,,,,,,,,,,,,,,,buckyirving,,Bucky Irving,RB,TB
17.0,103.0,,458.0,11.9,4.0,,,,203.0,4.5,1.0,2.0,109.9,6.5,27.0,21.0,9.7,,,,,,,,,,,,,,,,,,,,,,,,,,,,raydavis,,Ray Davis,RB,BUF
17.0,93.0,,395.0,12.3,3.0,,,,209.0,4.3,0.0,1.0,108.5,6.4,39.0,33.0,6.3,,,,,,,,,,,,,,,,,,,,,,,,,,,,roschonjohnson,,Roschon Johnson,RB,CHI
17.0,78.0,,357.0,16.4,2.0,,,,279.0,4.6,1.0,3.0,107.9,6.3,38.0,33.0,8.5,,,,,,,,,,,,,,,,,,,,,,,,,,,,samajeperine,,Samaje Perine,RB,DEN
17.0,138.0,,584.0,7.2,4.0,,,,123.0,4.2,1.0,3.0,107.9,6.3,18.0,14.0,8.8,,,,,,,,,,,,,,,,,,,,,,,,,,,,tyronetracy,,Tyrone Tracy,Jr.,RB
17.0,122.0,,452.0,10.9,4.0,,,,186.0,3.7,1.0,1.0,106.2,6.2,20.0,17.0,10.9,,,,,,,,,,,,,,,,,,,,,,,,,,,,kendremiller,,Kendre Miller,RB,NO
17.0,124.0,,461.0,10.1,2.0,,,,172.0,3.7,0.0,2.0,101.9,6.0,46.0,31.0,5.6,,,,,,,,,,,,,,,,,,,,,,,,,,,,milessanders,,Miles Sanders,RB,CAR
17.0,126.0,,508.0,7.0,4.0,,,,119.0,4.0,1.0,2.0,100.4,5.9,17.0,13.0,9.2,,,,,,,,,,,,,,,,,,,,,,,,,,,,braelonallen,,Braelon Allen,RB,NYJ
12.0,97.0,,581.0,7.7,4.0,,,,92.0,6.0,0.0,1.0,91.8,7.7,11.0,9.0,10.2,,,,,,,,,,,,,,,,,,,,,,,,,,,,keatonmitchell,,Keaton Mitchell,RB,BAL
17.0,95.0,,389.0,6.9,3.0,,,,118.0,4.1,2.0,0.0,91.0,5.4,19.0,13.0,9.1,,,,,,,,,,,,,,,,,,,,,,,,,,,,d'ontaforeman,,D'onta Foreman,RB,CLE
17.0,126.0,,502.0,3.3,4.0,,,,56.0,4.0,0.0,1.0,88.9,5.2,14.0,11.0,5.1,,,,,,,,,,,,,,,,,,,,,,,,,,,,elijahmitchell,,Elijah Mitchell,RB,SF
17.0,95.0,,353.0,7.5,2.0,,,,128.0,3.7,2.0,1.0,88.1,5.2,28.0,20.0,6.4,,,,,,,,,,,,,,,,,,,,,,,,,,,,alexandermattison,,Alexander Mattison,RB,LV
17.0,104.0,,487.0,6.6,3.0,,,,112.0,4.7,0.0,2.0,87.2,5.1,21.0,15.0,7.5,,,,,,,,,,,,,,,,,,,,,,,,,,,,justicehill,,Justice Hill,RB,BAL
17.0,64.0,,279.0,12.6,2.0,,,,214.0,4.4,1.0,1.0,85.6,5.0,29.0,22.0,9.7,,,,,,,,,,,,,,,,,,,,,,,,,,,,carsonsteele,,Carson Steele,RB,KC
17.0,115.0,,367.0,4.4,3.0,,,,75.0,3.2,0.0,1.0,77.6,4.6,20.0,18.0,4.2,,,,,,,,,,,,,,,,,,,,,,,,,,,,jamaalwilliams,,Jamaal Williams,RB,NO
17.0,86.0,,322.0,8.2,2.0,,,,139.0,3.7,0.0,0.0,77.3,4.5,27.0,21.0,6.6,,,,,,,,,,,,,,,,,,,,,,,,,,,,chaseedmonds,,Chase Edmonds,RB,TB
17.0,5.0,,3.0,12.7,2.0,,,,216.0,0.6,4.0,3.0,76.7,4.5,32.0,23.0,9.4,,,,,,,,,,,,,,,,,,,,,,,,,,,,andrewbeck,,Andrew Beck,FB,HOU
17.0,89.0,,305.0,10.6,2.0,,,,181.0,3.4,0.0,0.0,75.9,4.5,24.0,18.0,10.1,,,,,,,,,,,,,,,,,,,,,,,,,,,,ajdillon,,Aj Dillon,RB,GB
17.0,49.0,,212.0,8.0,2.0,,,,136.0,4.3,0.0,0.0,68.1,4.0,32.0,22.0,6.2,,,,,,,,,,,,,,,,,,,,,,,,,,,,emaridemercado,,Emari Demercado,RB,ARI
17.0,83.0,,347.0,4.9,2.0,,,,84.0,4.2,1.0,1.0,66.9,3.9,12.0,9.0,9.3,,,,,,,,,,,,,,,,,,,,,,,,,,,,audricestime,,Audric Estime,RB,DEN
17.0,7.0,,21.0,15.8,0.0,,,,269.0,3.0,2.0,0.0,66.8,3.9,31.0,25.0,10.8,,,,,,,,,,,,,,,,,,,,,,,,,,,,kylejuszczyk,,Kyle Juszczyk,FB,SF
17.0,122.0,,306.0,0.4,6.0,,,,6.0,2.5,0.0,6.0,58.9,3.5,2.0,1.0,6.0,,,,,,,,,,,,,,,,,,,,,,,,,,,,tankbigsby,,Tank Bigsby,RB,JAC
17.0,70.0,,219.0,5.9,2.0,,,,100.0,3.1,0.0,0.0,54.6,3.2,17.0,13.0,7.7,,,,,,,,,,,,,,,,,,,,,,,,,,,,dameonpierce,,Dameon Pierce,RB,HOU
17.0,47.0,,224.0,7.4,0.0,,,,125.0,4.8,0.0,0.0,51.2,3.0,22.0,17.0,7.4,,,,,,,,,,,,,,,,,,,,,,,,,,,,ameerabdullah,,Ameer Abdullah,RB,LV
17.0,58.0,,194.0,4.4,2.0,,,,74.0,3.3,0.0,1.0,45.6,2.7,10.0,9.0,8.2,,,,,,,,,,,,,,,,,,,,,,,,,,,,deucevaughn,,Deuce Vaughn,RB,DAL
17.0,15.0,,48.0,3.2,4.0,,,,54.0,3.2,0.0,0.0,44.0,2.6,10.0,8.0,6.8,,,,,,,,,,,,,,,,,,,,,,,,,,,,hunterluepke,,Hunter Luepke,RB,DAL
17.0,26.0,,105.0,6.8,0.0,,,,115.0,4.0,1.0,0.0,41.2,2.4,18.0,14.0,8.2,,,,,,,,,,,,,,,,,,,,,,,,,,,,jeremymcnichols,,Jeremy Mcnichols,RB,WAS
17.0,52.0,,208.0,3.6,1.0,,,,62.0,4.0,0.0,0.0,41.0,2.4,8.0,8.0,7.8,,,,,,,,,,,,,,,,,,,,,,,,,,,,ronnierivers,,Ronnie Rivers,RB,LAR
17.0,57.0,,274.0,0.5,1.0,,,,8.0,4.8,0.0,0.0,38.5,2.3,3.0,2.0,4.0,,,,,,,,,,,,,,,,,,,,,,,,,,,,treysermon,,Trey Sermon,RB,IND
17.0,36.0,,118.0,5.9,1.0,,,,100.0,3.3,0.0,0.0,37.8,2.2,16.0,12.0,8.3,,,,,,,,,,,,,,,,,,,,,,,,,,,,nyheimhines,,Nyheim Hines,RB,CLE
17.0,50.0,,165.0,4.2,0.0,,,,71.0,3.3,0.0,0.0,36.2,2.1,14.0,13.0,5.5,,,,,,,,,,,,,,,,,,,,,,,,,,,,hassanhaskins,,Hassan Haskins,RB,TEN
17.0,36.0,,181.0,1.4,2.0,,,,23.0,5.0,0.0,0.0,35.3,2.1,3.0,2.0,11.5,,,,,,,,,,,,,,,,,,,,,,,,,,,,rasheenali,,Rasheen Ali,RB,BAL
17.0,6.0,,16.0,1.6,4.0,,,,28.0,2.7,0.0,0.0,34.6,2.0,3.0,3.0,9.3,,,,,,,,,,,,,,,,,,,,,,,,,,,,nickbawden,,Nick Bawden,RB,HOU
17.0,27.0,,108.0,3.3,1.0,,,,56.0,4.0,0.0,0.0,32.2,1.9,15.0,9.0,6.2,,,,,,,,,,,,,,,,,,,,,,,,,,,,jamycalhasty,,Jamycal Hasty,RB,NE
17.0,34.0,,145.0,1.5,2.0,,,,25.0,4.3,0.0,0.0,32.0,1.9,3.0,2.0,12.5,,,,,,,,,,,,,,,,,,,,,,,,,,,,willshipley,,Will Shipley,RB,PHI
17.0,34.0,,145.0,1.5,2.0,,,,25.0,4.3,0.0,0.0,32.0,1.9,3.0,2.0,12.5,,,,,,,,,,,,,,,,,,,,,,,,,,,,kendallmilton,,Kendall Milton,RB,PHI
17.0,33.0,,163.0,0.3,2.0,,,,5.0,4.9,0.0,0.0,31.6,1.9,1.0,1.0,5.0,,,,,,,,,,,,,,,,,,,,,,,,,,,,jordanmason,,Jordan Mason,RB,SF
17.0,3.0,,16.0,4.2,1.0,,,,71.0,5.3,0.0,0.0,30.2,1.8,16.0,13.0,5.5,,,,,,,,,,,,,,,,,,,,,,,,,,,,c.j.ham,,C.j. Ham,FB,MIN
17.0,36.0,,188.0,0.5,1.0,,,,8.0,5.2,0.0,0.0,29.0,1.7,1.0,1.0,8.0,,,,,,,,,,,,,,,,,,,,,,,,,,,,pierrestrong,,Pierre Strong,Jr.,RB
17.0,29.0,,136.0,1.7,1.0,,,,29.0,4.7,0.0,0.0,29.0,1.7,7.0,5.0,5.8,,,,,,,,,,,,,,,,,,,,,,,,,,,,michaelcarter,,Michael Carter,RB,ARI
17.0,50.0,,147.0,1.2,1.0,,,,20.0,2.9,0.0,0.0,28.0,1.6,5.0,4.0,5.0,,,,,,,,,,,,,,,,,,,,,,,,,,,,isaiahspiller,,Isaiah Spiller,RB,LAC
17.0,33.0,,106.0,2.3,1.0,,,,39.0,3.2,0.0,0.0,27.0,1.6,6.0,5.0,7.8,,,,,,,,,,,,,,,,,,,,,,,,,,,,mattbreida,,Matt Breida,RB,SF
17.0,33.0,,139.0,1.4,1.0,,,,23.0,4.2,0.0,0.0,27.0,1.6,4.0,3.0,7.7,,,,,,,,,,,,,,,,,,,,,,,,,,,,cordarrellepatterson,,Cordarrelle Patterson,RB,PIT
17.0,29.0,,144.0,1.2,1.0,,,,21.0,5.0,0.0,0.0,27.0,1.6,4.0,3.0,7.0,,,,,,,,,,,,,,,,,,,,,,,,,,,,jeffwilson,,Jeff Wilson,RB,MIA
17.0,25.0,,127.0,1.6,1.0,,,,28.0,5.1,0.0,0.0,26.4,1.6,5.0,4.0,7.0,,,,,,,,,,,,,,,,,,,,,,,,,,,,tylergoodson,,Tyler Goodson,RB,IND
17.0,27.0,,84.0,2.9,1.0,,,,50.0,3.1,0.0,0.0,26.3,1.5,8.0,7.0,7.1,,,,,,,,,,,,,,,,,,,,,,,,,,,,raheemblackshear,,Raheem Blackshear,RB,CAR
17.0,12.0,,1590.0,93.5,10.0,,,,82.0,13.3,1.0,1.0,350.0,20.6,168.0,120.0,6.8,,,,,,,,,,,,,,,,,,,,,,,,,,,,ceedeelamb,,Ceedee Lamb,WR,DAL
17.0,6.0,,1526.0,89.8,11.0,,,,24.0,14.3,0.0,1.0,326.6,19.2,153.0,107.0,4.0,,,,,,,,,,,,,,,,,,,,,,,,,,,,tyreekhill,,Tyreek Hill,WR,MIA
17.0,5.0,,1414.0,83.2,10.0,,,,34.0,12.6,0.0,1.0,316.5,18.6,156.0,112.0,6.8,,,,,,,,,,,,,,,,,,,,,,,,,,,,amon-rast.,,Amon-ra St.,Brown,WR
17.0,11.0,,1448.0,85.2,7.0,,,,73.0,14.5,0.0,0.0,294.4,17.3,148.0,100.0,6.6,,,,,,,,,,,,,,,,,,,,,,,,,,,,pukanacua,,Puka Nacua,WR,LAR
17.0,4.0,,1302.0,76.6,10.0,,,,4.0,13.2,0.0,0.0,291.5,17.1,145.0,99.0,1.0,,,,,,,,,,,,,,,,,,,,,,,,,,,,ja'marrchase,,Ja'marr Chase,WR,CIN
17.0,3.0,,1518.0,89.3,6.0,,,,-3.0,14.7,0.0,1.0,288.3,17.0,151.0,103.0,-1.0,,,,,,,,,,,,,,,,,,,,,,,,,,,,justinjefferson,,Justin Jefferson,WR,MIN
17.0,0.0,,1365.0,80.3,9.0,,,,1.0,14.8,0.0,2.0,281.3,16.5,140.0,92.0,0.0,,,,,,,,,,,,,,,,,,,,,,,,,,,,a.j.brown,,A.j. Brown,WR,PHI
17.0,2.0,,1299.0,76.4,8.0,,,,11.0,13.7,0.0,3.0,269.5,15.9,153.0,95.0,5.5,,,,,,,,,,,,,,,,,,,,,,,,,,,,marvinharrison,,Marvin Harrison,Jr.,WR
17.0,4.0,,1190.0,70.0,7.0,,,,1.0,12.0,0.0,2.0,259.3,15.3,175.0,99.0,0.3,,,,,,,,,,,,,,,,,,,,,,,,,,,,garrettwilson,,Garrett Wilson,WR,NYJ
17.0,1.0,,1231.0,72.4,9.0,,,,8.0,16.4,0.0,0.0,254.7,15.0,108.0,75.0,8.0,,,,,,,,,,,,,,,,,,,,,,,,,,,,nicocollins,,Nico Collins,WR,HOU
17.0,0.0,,1121.0,65.9,8.0,,,,0.0,12.2,0.0,0.0,250.5,14.7,153.0,92.0,0.0,,,,,,,,,,,,,,,,,,,,,,,,,,,,davanteadams,,Davante Adams,WR,LV
17.0,3.0,,1103.0,64.9,8.0,,,,10.0,12.3,0.0,0.0,250.1,14.7,133.0,90.0,3.3,,,,,,,,,,,,,,,,,,,,,,,,,,,,cooperkupp,,Cooper Kupp,WR,LAR
17.0,0.0,,1187.0,69.8,7.0,,,,0.0,13.3,0.0,0.0,248.3,14.6,142.0,89.0,0.0,,,,,,,,,,,,,,,,,,,,,,,,,,,,chrisolave,,Chris Olave,WR,NO
17.0,0.0,,1127.0,66.3,9.0,,,,0.0,14.1,0.0,1.0,244.2,14.4,114.0,80.0,0.0,,,,,,,,,,,,,,,,,,,,,,,,,,,,devontasmith,,Devonta Smith,WR,PHI
17.0,0.0,,1108.0,65.2,10.0,,,,1.0,15.8,0.0,0.0,243.8,14.3,117.0,70.0,0.0,,,,,,,,,,,,,,,,,,,,,,,,,,,,mikeevans,,Mike Evans,WR,TB
17.0,43.0,,985.0,57.9,6.0,,,,223.0,14.9,4.0,1.0,243.0,14.3,101.0,66.0,5.2,,,,,,,,,,,,,,,,,,,,,,,,,,,,deebosamuel,,Deebo Samuel,WR,SF
17.0,0.0,,1211.0,71.2,6.0,,,,0.0,14.3,0.0,1.0,239.7,14.1,136.0,85.0,0.0,,,,,,,,,,,,,,,,,,,,,,,,,,,,drakelondon,,Drake London,WR,ATL
17.0,1.0,,1201.0,70.6,8.0,,,,4.0,17.2,0.0,1.0,238.3,14.0,105.0,70.0,4.0,,,,,,,,,,,,,,,,,,,,,,,,,,,,brandonaiyuk,,Brandon Aiyuk,WR,SF
17.0,0.0,,1245.0,73.2,7.0,,,,0.0,17.1,0.0,1.0,237.1,13.9,124.0,73.0,0.0,,,,,,,,,,,,,,,,,,,,,,,,,,,,amaricooper,,Amari Cooper,WR,CLE
17.0,1.0,,1074.0,63.2,5.0,,,,10.0,11.2,0.0,1.0,234.4,13.8,137.0,96.0,10.0,,,,,,,,,,,,,,,,,,,,,,,,,,,,michaelpittman,,Michael Pittman,WR,IND
17.0,0.0,,1023.0,60.2,10.0,,,,1.0,15.3,0.0,0.0,232.3,13.7,118.0,67.0,0.0,,,,,,,,,,,,,,,,,,,,,,,,,,,,dkmetcalf,,Dk Metcalf,WR,SEA
17.0,5.0,,998.0,58.7,9.0,,,,25.0,14.5,1.0,1.0,229.9,13.5,104.0,69.0,5.0,,,,,,,,,,,,,,,,,,,,,,,,,,,,djmoore,,Dj Moore,WR,CHI
17.0,1.0,,1036.0,60.9,7.0,,,,4.0,12.6,0.0,1.0,227.3,13.4,125.0,82.0,4.0,,,,,,,,,,,,,,,,,,,,,,,,,,,,stefondiggs,,Stefon Diggs,WR,HOU
17.0,3.0,,1153.0,67.8,8.0,,,,27.0,18.3,0.0,1.0,227.2,13.4,108.0,63.0,9.0,,,,,,,,,,,,,,,,,,,,,,,,,,,,georgepickens,,George Pickens,WR,PIT
17.0,4.0,,1084.0,63.8,6.0,,,,22.0,14.3,0.0,0.0,223.4,13.1,112.0,76.0,5.5,,,,,,,,,,,,,,,,,,,,,,,,,,,,jaylenwaddle,,Jaylen Waddle,WR,MIA
17.0,9.0,,958.0,56.4,7.0,,,,51.0,13.0,1.0,1.0,221.8,13.0,105.0,74.0,5.7,,,,,,,,,,,,,,,,,,,,,,,,,,,,zayflowers,,Zay Flowers,WR,BAL
17.0,14.0,,909.0,53.5,10.0,,,,61.0,14.4,0.0,0.0,219.7,12.9,100.0,63.0,4.4,,,,,,,,,,,,,,,,,,,,,,,,,,,,tankdell,,Tank Dell,WR,HOU
17.0,0.0,,982.0,57.8,9.0,,,,0.0,15.1,0.0,0.0,215.9,12.7,108.0,65.0,0.0,,,,,,,,,,,,,,,,,,,,,,,,,,,,teehiggins,,Tee Higgins,WR,CIN
17.0,1.0,,1025.0,60.3,5.0,,,,5.0,13.5,0.0,0.0,211.3,12.4,124.0,76.0,5.0,,,,,,,,,,,,,,,,,,,,,,,,,,,,terrymclaurin,,Terry Mclaurin,WR,WAS
17.0,8.0,,901.0,53.0,9.0,,,,21.0,14.5,0.0,0.0,210.4,12.4,110.0,62.0,2.6,,,,,,,,,,,,,,,,,,,,,,,,,,,,calvinridley,,Calvin Ridley,WR,TEN
17.0,3.0,,922.0,54.2,5.0,,,,27.0,11.8,1.0,0.0,210.1,12.4,117.0,78.0,9.0,,,,,,,,,,,,,,,,,,,,,,,,,,,,chrisgodwin,,Chris Godwin,WR,TB
17.0,2.0,,1051.0,61.8,6.0,,,,10.0,15.0,0.0,2.0,209.0,12.3,114.0,70.0,5.0,,,,,,,,,,,,,,,,,,,,,,,,,,,,maliknabers,,Malik Nabers,WR,NYG
17.0,10.0,,732.0,43.1,8.0,,,,105.0,12.6,3.0,0.0,207.7,12.2,87.0,58.0,10.5,,,,,,,,,,,,,,,,,,,,,,,,,,,,jaydenreed,,Jayden Reed,WR,GB
17.0,2.0,,983.0,57.8,6.0,,,,9.0,13.1,0.0,2.0,207.2,12.2,112.0,75.0,4.5,,,,,,,,,,,,,,,,,,,,,,,,,,,,christiankirk,,Christian Kirk,WR,JAC
17.0,2.0,,895.0,52.6,7.0,,,,2.0,12.1,0.0,1.0,205.7,12.1,95.0,74.0,1.0,,,,,,,,,,,,,,,,,,,,,,,,,,,,rasheerice,,Rashee Rice,WR,KC
17.0,1.0,,858.0,50.5,9.0,,,,6.0,14.3,0.0,0.0,202.3,11.9,105.0,60.0,6.0,,,,,,,,,,,,,,,,,,,,,,,,,,,,deandrehopkins,,Deandre Hopkins,WR,TEN
17.0,2.0,,794.0,46.7,8.0,,,,10.0,12.4,0.0,0.0,193.5,11.4,108.0,64.0,5.0,,,,,,,,,,,,,,,,,,,,,,,,,,,,diontaejohnson,,Diontae Johnson,WR,CAR
17.0,2.0,,784.0,46.1,8.0,,,,19.0,12.4,0.0,0.0,193.5,11.4,116.0,63.0,9.5,,,,,,,,,,,,,,,,,,,,,,,,,,,,marquisebrown,,Marquise Brown,WR,KC
17.0,2.0,,834.0,49.1,6.0,,,,8.0,11.8,0.0,1.0,191.6,11.3,100.0,71.0,4.0,,,,,,,,,,,,,,,,,,,,,,,,,,,,keenanallen,,Keenan Allen,WR,CHI
17.0,6.0,,735.0,43.2,10.0,,,,27.0,15.3,1.0,0.0,191.4,11.3,87.0,48.0,4.5,,,,,,,,,,,,,,,,,,,,,,,,,,,,christianwatson,,Christian Watson,WR,GB
17.0,0.0,,764.0,44.9,9.0,,,,1.0,13.6,0.0,2.0,184.1,10.8,88.0,56.0,0.0,,,,,,,,,,,,,,,,,,,,,,,,,,,,courtlandsutton,,Courtland Sutton,WR,DEN
17.0,3.0,,890.0,52.4,5.0,,,,14.0,13.5,0.0,2.0,183.7,10.8,106.0,66.0,4.7,,,,,,,,,,,,,,,,,,,,,,,,,,,,keoncoleman,,Keon Coleman,WR,BUF
17.0,2.0,,929.0,54.6,6.0,,,,11.0,16.6,0.0,2.0,183.1,10.8,90.0,56.0,5.5,,,,,,,,,,,,,,,,,,,,,,,,,,,,xavierworthy,,Xavier Worthy,WR,KC
17.0,1.0,,918.0,54.0,4.0,,,,8.0,14.6,0.0,0.0,182.1,10.7,100.0,63.0,8.0,,,,,,,,,,,,,,,,,,,,,,,,,,,,jerryjeudy,,Jerry Jeudy,WR,CLE
17.0,3.0,,712.0,41.9,7.0,,,,16.0,11.7,1.0,0.0,182.0,10.7,90.0,61.0,5.3,,,,,,,,,,,,,,,,,,,,,,,,,,,,jakobimeyers,,Jakobi Meyers,WR,LV
17.0,0.0,,781.0,45.9,6.0,,,,1.0,11.8,0.0,0.0,181.8,10.7,99.0,66.0,0.0,,,,,,,,,,,,,,,,,,,,,,,,,,,,tylerlockett,,Tyler Lockett,WR,SEA
17.0,2.0,,877.0,51.6,5.0,,,,9.0,13.1,0.0,3.0,181.0,10.6,109.0,67.0,4.5,,,,,,,,,,,,,,,,,,,,,,,,,,,,laddmcconkey,,Ladd Mcconkey,WR,LAC
17.0,0.0,,742.0,43.6,8.0,,,,1.0,13.3,0.0,0.0,180.4,10.6,87.0,56.0,0.0,,,,,,,,,,,,,,,,,,,,,,,,,,,,romeodoubs,,Romeo Doubs,WR,GB
17.0,2.0,,885.0,52.1,5.0,,,,9.0,14.3,0.0,2.0,179.7,10.6,100.0,62.0,4.5,,,,,,,,,,,,,,,,,,,,,,,,,,,,brianthomas,,Brian Thomas,Jr.,WR
17.0,5.0,,724.0,42.6,7.0,,,,33.0,12.1,0.0,0.0,177.7,10.5,90.0,60.0,6.6,,,,,,,,,,,,,,,,,,,,,,,,,,,,brandincooks,,Brandin Cooks,WR,DAL
17.0,1.0,,870.0,51.2,4.0,,,,7.0,13.6,0.0,1.0,176.0,10.4,100.0,64.0,7.0,,,,,,,,,,,,,,,,,,,,,,,,,,,,joshpalmer,,Josh Palmer,WR,LAC
17.0,1.0,,839.0,49.4,5.0,,,,8.0,14.2,0.0,0.0,175.6,10.3,71.0,59.0,8.0,,,,,,,,,,,,,,,,,,,,,,,,,,,,khalilshakir,,Khalil Shakir,WR,BUF
17.0,4.0,,716.0,42.1,6.0,,,,70.0,14.9,2.0,0.0,175.3,10.3,82.0,48.0,17.5,,,,,,,,,,,,,,,,,,,,,,,,,,,,jamesonwilliams,,Jameson Williams,WR,DET
17.0,0.0,,707.0,41.6,6.0,,,,0.0,10.4,0.0,0.0,173.7,10.2,101.0,68.0,0.0,,,,,,,,,,,,,,,,,,,,,,,,,,,,jaxonsmith-njigba,,Jaxon Smith-njigba,WR,SEA
17.0,1.0,,717.0,42.2,7.0,,,,2.0,13.0,0.0,0.0,171.7,10.1,84.0,55.0,2.0,,,,,,,,,,,,,,,,,,,,,,,,,,,,jordanaddison,,Jordan Addison,WR,MIN
17.0,1.0,,691.0,40.6,5.0,,,,5.0,10.2,0.0,0.0,169.3,10.0,92.0,68.0,5.0,,,,,,,,,,,,,,,,,,,,,,,,,,,,adamthielen,,Adam Thielen,WR,CAR
17.0,2.0,,827.0,48.6,5.0,,,,12.0,14.5,0.0,2.0,167.9,9.9,93.0,57.0,6.0,,,,,,,,,,,,,,,,,,,,,,,,,,,,romeodunze,,Rome Odunze,WR,CHI
17.0,17.0,,602.0,35.4,5.0,,,,89.0,10.8,2.0,0.0,166.7,9.8,82.0,56.0,5.2,,,,,,,,,,,,,,,,,,,,,,,,,,,,curtissamuel,,Curtis Samuel,WR,BUF
17.0,7.0,,798.0,46.9,6.0,,,,43.0,16.3,0.0,1.0,166.6,9.8,78.0,49.0,6.1,,,,,,,,,,,,,,,,,,,,,,,,,,,,rashidshaheed,,Rashid Shaheed,WR,NO
17.0,2.0,,793.0,46.6,4.0,,,,5.0,13.4,0.0,0.0,164.5,9.7,88.0,59.0,2.5,,,,,,,,,,,,,,,,,,,,,,,,,,,,mikewilliams,,Mike Williams,WR,NYJ
17.0,9.0,,777.0,45.7,3.0,,,,44.0,12.1,0.0,1.0,161.9,9.5,102.0,64.0,4.9,,,,,,,,,,,,,,,,,,,,,,,,,,,,demariodouglas,,Demario Douglas,WR,NE
17.0,5.0,,629.0,37.0,6.0,,,,38.0,11.9,0.0,1.0,155.3,9.1,76.0,53.0,7.6,,,,,,,,,,,,,,,,,,,,,,,,,,,,kendrickbourne,,Kendrick Bourne,WR,NE
17.0,0.0,,653.0,38.4,7.0,,,,0.0,13.9,0.0,0.0,153.6,9.0,76.0,47.0,0.0,,,,,,,,,,,,,,,,,,,,,,,,,,,,timpatrick,,Tim Patrick,WR,DEN
17.0,2.0,,737.0,43.4,4.0,,,,10.0,13.2,0.0,2.0,152.4,9.0,91.0,56.0,5.0,,,,,,,,,,,,,,,,,,,,,,,,,,,,troyfranklin,,Troy Franklin,WR,DEN
17.0,2.0,,741.0,43.6,3.0,,,,9.0,12.2,0.0,2.0,151.4,8.9,98.0,61.0,4.5,,,,,,,,,,,,,,,,,,,,,,,,,,,,ja'lynnpolk,,Ja'lynn Polk,WR,NE
17.0,0.0,,702.0,41.3,5.0,,,,0.0,14.6,0.0,0.0,147.7,8.7,73.0,48.0,0.0,,,,,,,,,,,,,,,,,,,,,,,,,,,,michaelwilson,,Michael Wilson,WR,ARI
17.0,8.0,,554.0,32.6,3.0,,,,77.0,9.1,1.0,0.0,147.3,8.7,80.0,61.0,9.6,,,,,,,,,,,,,,,,,,,,,,,,,,,,wan'dalerobinson,,Wan'dale Robinson,WR,NYG
17.0,2.0,,748.0,44.0,3.0,,,,8.0,15.0,0.0,0.0,146.1,8.6,90.0,50.0,4.0,,,,,,,,,,,,,,,,,,,,,,,,,,,,darnellmooney,,Darnell Mooney,WR,ATL
17.0,1.0,,650.0,38.2,6.0,,,,3.0,16.3,0.0,0.0,143.9,8.5,62.0,40.0,3.0,,,,,,,,,,,,,,,,,,,,,,,,,,,,a.t.perry,,A.t. Perry,WR,NO
17.0,2.0,,730.0,42.9,4.0,,,,11.0,15.2,0.0,2.0,142.7,8.4,77.0,48.0,5.5,,,,,,,,,,,,,,,,,,,,,,,,,,,,adonaimitchell,,Adonai Mitchell,WR,IND
17.0,0.0,,690.0,40.6,5.0,,,,0.0,15.7,0.0,0.0,142.0,8.4,72.0,44.0,0.0,,,,,,,,,,,,,,,,,,,,,,,,,,,,dariusslayton,,Darius Slayton,WR,NYG
17.0,1.0,,666.0,39.2,6.0,,,,0.0,16.2,0.0,1.0,141.3,8.3,74.0,41.0,0.0,,,,,,,,,,,,,,,,,,,,,,,,,,,,gabedavis,,Gabe Davis,WR,JAC
17.0,0.0,,662.0,38.9,3.0,,,,0.0,11.8,0.0,0.0,138.6,8.2,81.0,56.0,0.0,,,,,,,,,,,,,,,,,,,,,,,,,,,,joshdowns,,Josh Downs,WR,IND
17.0,0.0,,673.0,39.6,4.0,,,,2.0,14.6,0.0,1.0,137.6,8.1,82.0,46.0,0.0,,,,,,,,,,,,,,,,,,,,,,,,,,,,odellbeckham,,Odell Beckham,Jr.,WR
17.0,0.0,,555.0,32.6,8.0,,,,0.0,15.4,0.0,1.0,136.4,8.0,70.0,36.0,0.0,,,,,,,,,,,,,,,,,,,,,,,,,,,,djchark,,Dj Chark,WR,LAC
17.0,9.0,,618.0,36.4,3.0,,,,19.0,11.4,0.0,1.0,135.5,8.0,94.0,54.0,2.1,,,,,,,,,,,,,,,,,,,,,,,,,,,,elijahmoore,,Elijah Moore,WR,CLE
17.0,1.0,,624.0,36.7,4.0,,,,13.0,13.3,0.0,0.0,135.5,8.0,79.0,47.0,13.0,,,,,,,,,,,,,,,,,,,,,,,,,,,,rashodbateman,,Rashod Bateman,WR,BAL
17.0,2.0,,652.0,38.4,4.0,,,,7.0,13.9,0.0,2.0,134.9,7.9,76.0,47.0,3.5,,,,,,,,,,,,,,,,,,,,,,,,,,,,jermaineburton,,Jermaine Burton,WR,CIN
17.0,1.0,,520.0,30.6,4.0,,,,5.0,9.3,0.0,0.0,134.3,7.9,95.0,56.0,5.0,,,,,,,,,,,,,,,,,,,,,,,,,,,,zayjones,,Zay Jones,WR,ARI
17.0,3.0,,597.0,35.1,4.0,,,,8.0,12.7,0.0,0.0,133.8,7.9,83.0,47.0,2.7,,,,,,,,,,,,,,,,,,,,,,,,,,,,quentinjohnston,,Quentin Johnston,WR,LAC
17.0,1.0,,581.0,34.2,6.0,,,,1.0,15.3,0.0,1.0,133.1,7.8,58.0,38.0,1.0,,,,,,,,,,,,,,,,,,,,,,,,,,,,dontayvionwicks,,Dontayvion Wicks,WR,GB
17.0,1.0,,579.0,34.1,5.0,,,,20.0,13.5,0.0,1.0,133.1,7.8,68.0,43.0,20.0,,,,,,,,,,,,,,,,,,,,,,,,,,,,demarcusrobinson,,Demarcus Robinson,WR,LAR
17.0,2.0,,630.0,37.1,3.0,,,,10.0,14.0,0.0,1.0,127.2,7.5,73.0,45.0,5.0,,,,,,,,,,,,,,,,,,,,,,,,,,,,xavierlegette,,Xavier Legette,WR,CAR
17.0,0.0,,580.0,34.1,5.0,,,,0.0,14.2,0.0,1.0,126.8,7.5,66.0,41.0,0.0,,,,,,,,,,,,,,,,,,,,,,,,,,,,joshreynolds,,Josh Reynolds,WR,DEN
17.0,3.0,,488.0,28.7,4.0,,,,20.0,10.8,0.0,0.0,120.9,7.1,70.0,45.0,6.7,,,,,,,,,,,,,,,,,,,,,,,,,,,,gregdortch,,Greg Dortch,WR,ARI
17.0,2.0,,553.0,32.5,3.0,,,,11.0,13.5,0.0,1.0,114.7,6.7,66.0,41.0,5.5,,,,,,,,,,,,,,,,,,,,,,,,,,,,romanwilson,,Roman Wilson,WR,PIT
17.0,2.0,,534.0,31.4,3.0,,,,9.0,13.0,0.0,1.0,113.0,6.6,67.0,41.0,4.5,,,,,,,,,,,,,,,,,,,,,,,,,,,,lukemccaffrey,,Luke Mccaffrey,WR,WAS
17.0,1.0,,434.0,25.5,5.0,,,,3.0,12.8,0.0,0.0,109.8,6.5,57.0,34.0,3.0,,,,,,,,,,,,,,,,,,,,,,,,,,,,cedrickwilson,,Cedrick Wilson,Jr.,WR
17.0,2.0,,516.0,30.4,2.0,,,,11.0,12.0,0.0,0.0,109.3,6.4,62.0,43.0,5.5,,,,,,,,,,,,,,,,,,,,,,,,,,,,tylerboyd,,Tyler Boyd,WR,TEN
17.0,2.0,,529.0,31.1,3.0,,,,8.0,13.6,0.0,2.0,109.0,6.4,63.0,39.0,4.0,,,,,,,,,,,,,,,,,,,,,,,,,,,,jalenmcmillan,,Jalen Mcmillan,WR,TB
17.0,0.0,,497.0,29.2,4.0,,,,2.0,15.5,0.0,0.0,108.6,6.4,64.0,32.0,0.0,,,,,,,,,,,,,,,,,,,,,,,,,,,,dyamibrown,,Dyami Brown,WR,WAS
17.0,0.0,,502.0,29.5,2.0,,,,0.0,10.9,0.0,0.0,107.3,6.3,92.0,46.0,0.0,,,,,,,,,,,,,,,,,,,,,,,,,,,,jonathanmingo,,Jonathan Mingo,WR,CAR
17.0,13.0,,291.0,17.1,6.0,,,,126.0,11.2,1.0,1.0,107.0,6.3,40.0,26.0,9.7,,,,,,,,,,,,,,,,,,,,,,,,,,,,kavontaeturpin,,Kavontae Turpin,WR,DAL
17.0,0.0,,485.0,28.5,3.0,,,,2.0,13.5,0.0,0.0,104.9,6.2,48.0,36.0,0.0,,,,,,,,,,,,,,,,,,,,,,,,,,,,trentonirwin,,Trenton Irwin,WR,CIN
17.0,0.0,,378.0,22.2,6.0,,,,0.0,14.0,0.0,0.0,100.4,5.9,43.0,27.0,0.0,,,,,,,,,,,,,,,,,,,,,,,,,,,,brandonjohnson,,Brandon Johnson,WR,DEN
17.0,2.0,,487.0,28.6,2.0,,,,9.0,12.5,0.0,2.0,97.9,5.8,63.0,39.0,4.5,,,,,,,,,,,,,,,,,,,,,,,,,,,,malachicorley,,Malachi Corley,WR,NYJ
17.0,2.0,,494.0,29.1,3.0,,,,12.0,15.9,0.0,2.0,97.6,5.7,49.0,31.0,6.0,,,,,,,,,,,,,,,,,,,,,,,,,,,,rickypearsall,,Ricky Pearsall,WR,SF
17.0,0.0,,471.0,27.7,2.0,,,,1.0,13.9,0.0,0.0,95.2,5.6,61.0,34.0,0.0,,,,,,,,,,,,,,,,,,,,,,,,,,,,jalennailor,,Jalen Nailor,WR,MIN
17.0,0.0,,487.0,28.6,3.0,,,,0.0,16.8,0.0,0.0,94.6,5.6,58.0,29.0,0.0,,,,,,,,,,,,,,,,,,,,,,,,,,,,alecpierce,,Alec Pierce,WR,IND
17.0,1.0,,407.0,23.9,2.0,,,,2.0,10.4,0.0,0.0,93.4,5.5,61.0,39.0,2.0,,,,,,,,,,,,,,,,,,,,,,,,,,,,k.j.osborn,,K.j. Osborn,WR,NE
17.0,,,1149.0,67.6,8.0,,,,,11.4,,1.0,264.2,15.5,130.0,101.0,,,,,,,,,,,,,,,,,,,,,,,,,,,,,traviskelce,,Travis Kelce,TE,KC
17.0,,,846.0,49.8,9.0,,,,,10.1,,0.0,224.6,13.2,115.0,84.0,,,,,,,,,,,,,,,,,,,,,,,,,,,,,samlaporta,,Sam Laporta,TE,DET
17.0,,,852.0,50.1,11.0,,,,,13.1,,0.0,219.3,12.9,91.0,65.0,,,,,,,,,,,,,,,,,,,,,,,,,,,,,markandrews,,Mark Andrews,TE,BAL
17.0,,,865.0,50.9,6.0,,,,,9.8,,1.0,207.0,12.2,111.0,88.0,,,,,,,,,,,,,,,,,,,,,,,,,,,,,daltonkincaid,,Dalton Kincaid,TE,BUF
17.0,,,818.0,48.1,5.0,,,,,8.9,,1.0,204.9,12.1,119.0,92.0,,,,,,,,,,,,,,,,,,,,,,,,,,,,,evanengram,,Evan Engram,TE,JAC
17.0,,,902.0,53.1,5.0,,,,,10.9,,0.0,203.1,11.9,109.0,83.0,,,,,,,,,,,,,,,,,,,,,,,,,,,,,treymcbride,,Trey Mcbride,TE,ARI
17.0,,,879.0,51.7,7.0,,,,,11.7,,2.0,199.7,11.7,113.0,75.0,,,,,,,,,,,,,,,,,,,,,,,,,,,,,davidnjoku,,David Njoku,TE,CLE
17.0,,,915.0,53.8,7.0,,,,,15.0,,0.0,196.4,11.6,85.0,61.0,,,,,,,,,,,,,,,,,,,,,,,,,,,,,georgekittle,,George Kittle,TE,SF
17.0,,,763.0,44.9,7.0,,,,,10.8,,0.0,187.8,11.0,99.0,71.0,,,,,,,,,,,,,,,,,,,,,,,,,,,,,jakeferguson,,Jake Ferguson,TE,DAL
17.0,,,877.0,51.6,5.0,,,,,13.7,,0.0,180.7,10.6,108.0,64.0,,,,,,,,,,,,,,,,,,,,,,,,,,,,,kylepitts,,Kyle Pitts,TE,ATL
17.0,,,743.0,43.7,6.0,,,,,11.3,,0.0,178.4,10.5,91.0,66.0,,,,,,,,,,,,,,,,,,,,,,,,,,,,,dallasgoedert,,Dallas Goedert,TE,PHI
17.0,,,754.0,44.4,5.0,,,,,11.6,,2.0,165.8,9.8,95.0,65.0,,,,,,,,,,,,,,,,,,,,,,,,,,,,,brockbowers,,Brock Bowers,TE,LV
17.0,,,604.0,35.5,7.0,,,,,10.2,,0.0,163.8,9.6,76.0,59.0,,,,,,,,,,,,,,,,,,,,,,,,,,,,,colekmet,,Cole Kmet,TE,CHI
17.0,,,656.0,38.6,6.0,,,,,11.1,,1.0,157.6,9.3,86.0,59.0,,,,,,,,,,,,,,,,,,,,,,,,,,,,,daltonschultz,,Dalton Schultz,TE,HOU
16.0,,,663.0,41.4,3.0,,,,,10.4,,1.0,145.6,9.1,87.0,64.0,,,,,,,,,,,,,,,,,,,,,,,,,,,,,t.j.hockenson,,T.j. Hockenson,TE,MIN
17.0,,,613.0,36.1,5.0,,,,,11.4,,0.0,145.2,8.5,80.0,54.0,,,,,,,,,,,,,,,,,,,,,,,,,,,,,patfreiermuth,,Pat Freiermuth,TE,PIT
17.0,,,606.0,35.6,4.0,,,,,10.5,,0.0,141.5,8.3,77.0,58.0,,,,,,,,,,,,,,,,,,,,,,,,,,,,,lukemusgrave,,Luke Musgrave,TE,GB
17.0,,,547.0,32.2,8.0,,,,,14.0,,0.0,141.4,8.3,55.0,39.0,,,,,,,,,,,,,,,,,,,,,,,,,,,,,isaiahlikely,,Isaiah Likely,TE,BAL
17.0,,,601.0,35.4,3.0,,,,,10.4,,0.0,135.5,8.0,83.0,58.0,,,,,,,,,,,,,,,,,,,,,,,,,,,,,tylerconklin,,Tyler Conklin,TE,NYJ
17.0,,,486.0,28.6,5.0,,,,,9.0,,0.0,134.9,7.9,84.0,54.0,,,,,,,,,,,,,,,,,,,,,,,,,,,,,zachertz,,Zach Ertz,TE,WAS
17.0,,,472.0,27.8,7.0,,,,,10.7,,0.0,131.9,7.8,66.0,44.0,,,,,,,,,,,,,,,,,,,,,,,,,,,,,hunterhenry,,Hunter Henry,TE,NE
17.0,,,524.0,30.8,4.0,,,,,11.6,,1.0,121.3,7.1,63.0,45.0,,,,,,,,,,,,,,,,,,,,,,,,,,,,,jonnusmith,,Jonnu Smith,TE,MIA
17.0,,,430.0,25.3,6.0,,,,,10.2,,0.0,120.5,7.1,67.0,42.0,,,,,,,,,,,,,,,,,,,,,,,,,,,,,juwanjohnson,,Juwan Johnson,TE,NO
17.0,,,514.0,30.2,3.0,,,,,10.1,,0.0,120.0,7.1,76.0,51.0,,,,,,,,,,,,,,,,,,,,,,,,,,,,,tylerhigbee,,Tyler Higbee,TE,LAR
17.0,,,494.0,29.1,4.0,,,,,10.3,,1.0,119.3,7.0,69.0,48.0,,,,,,,,,,,,,,,,,,,,,,,,,,,,,cadeotton,,Cade Otton,TE,TB
17.0,,,492.0,28.9,3.0,,,,,10.5,,0.0,115.9,6.8,67.0,47.0,,,,,,,,,,,,,,,,,,,,,,,,,,,,,chigoziemokonkwo,,Chigoziem Okonkwo,TE,TEN
17.0,,,418.0,24.6,5.0,,,,,10.0,,0.0,112.8,6.6,64.0,42.0,,,,,,,,,,,,,,,,,,,,,,,,,,,,,mikegesicki,,Mike Gesicki,TE,CIN
17.0,,,503.0,29.6,3.0,,,,,11.4,,0.0,111.3,6.5,59.0,44.0,,,,,,,,,,,,,,,,,,,,,,,,,,,,,noahfant,,Noah Fant,TE,SEA
17.0,,,403.0,23.7,4.0,,,,,9.2,,0.0,110.4,6.5,61.0,44.0,,,,,,,,,,,,,,,,,,,,,,,,,,,,,geraldeverett,,Gerald Everett,TE,CHI
17.0,,,462.0,27.2,3.0,,,,,10.3,,1.0,106.9,6.3,66.0,45.0,,,,,,,,,,,,,,,,,,,,,,,,,,,,,bensinnott,,Ben Sinnott,TE,WAS
17.0,,,437.0,25.7,3.0,,,,,11.5,,0.0,98.5,5.8,56.0,38.0,,,,,,,,,,,,,,,,,,,,,,,,,,,,,michaelmayer,,Michael Mayer,TE,LV
17.0,,,327.0,19.2,5.0,,,,,10.2,,0.0,97.6,5.7,48.0,32.0,,,,,,,,,,,,,,,,,,,,,,,,,,,,,dawsonknox,,Dawson Knox,TE,BUF
17.0,,,401.0,23.6,5.0,,,,,15.4,,0.0,95.1,5.6,35.0,26.0,,,,,,,,,,,,,,,,,,,,,,,,,,,,,brevinjordan,,Brevin Jordan,TE,HOU
17.0,,,477.0,28.1,2.0,,,,,13.6,,0.0,94.6,5.6,55.0,35.0,,,,,,,,,,,,,,,,,,,,,,,,,,,,,gregdulcich,,Greg Dulcich,TE,DEN
17.0,,,385.0,22.6,3.0,,,,,10.4,,0.0,92.4,5.4,56.0,37.0,,,,,,,,,,,,,,,,,,,,,,,,,,,,,haydenhurst,,Hayden Hurst,TE,LAC
17.0,,,385.0,22.6,2.0,,,,,10.4,,0.0,89.7,5.3,46.0,37.0,,,,,,,,,,,,,,,,,,,,,,,,,,,,,durhamsmythe,,Durham Smythe,TE,MIA
17.0,,,372.0,21.9,3.0,,,,,10.9,,0.0,87.7,5.2,46.0,34.0,,,,,,,,,,,,,,,,,,,,,,,,,,,,,tuckerkraft,,Tucker Kraft,TE,GB
17.0,,,292.0,17.2,5.0,,,,,10.4,,0.0,86.9,5.1,41.0,28.0,,,,,,,,,,,,,,,,,,,,,,,,,,,,,donaldparham,,Donald Parham,Jr.,TE
17.0,,,370.0,21.8,2.0,,,,,9.5,,1.0,84.7,5.0,58.0,39.0,,,,,,,,,,,,,,,,,,,,,,,,,,,,,theojohnson,,Theo Johnson,TE,NYG
17.0,,,351.0,20.6,2.0,,,,,9.2,,1.0,82.0,4.8,56.0,38.0,,,,,,,,,,,,,,,,,,,,,,,,,,,,,ja'tavionsanders,,Ja'tavion Sanders,TE,CAR
17.0,,,373.0,21.9,2.0,,,,,12.0,,0.0,82.0,4.8,43.0,31.0,,,,,,,,,,,,,,,,,,,,,,,,,,,,,elijahhiggins,,Elijah Higgins,TE,ARI
17.0,,,223.0,13.1,5.0,,,,,8.9,,0.0,80.4,4.7,38.0,25.0,,,,,,,,,,,,,,,,,,,,,,,,,,,,,tommytremble,,Tommy Tremble,TE,CAR
17.0,,,359.0,21.1,2.0,,,,,12.8,,0.0,79.0,4.6,45.0,28.0,,,,,,,,,,,,,,,,,,,,,,,,,,,,,kylengranson,,Kylen Granson,TE,IND
17.0,,,294.0,17.3,2.0,,,,,10.5,,0.0,72.2,4.2,40.0,28.0,,,,,,,,,,,,,,,,,,,,,,,,,,,,,noahgray,,Noah Gray,TE,KC
17.0,,,251.0,14.8,3.0,,,,,9.3,,0.0,68.8,4.0,31.0,27.0,,,,,,,,,,,,,,,,,,,,,,,,,,,,,brockwright,,Brock Wright,TE,DET
17.0,,,206.0,12.1,5.0,,,,,12.9,,0.0,66.4,3.9,28.0,16.0,,,,,,,,,,,,,,,,,,,,,,,,,,,,,moalie-cox,,Mo Alie-cox,TE,IND
17.0,,,314.0,18.5,1.0,,,,,10.8,,0.0,65.6,3.9,34.0,29.0,,,,,,,,,,,,,,,,,,,,,,,,,,,,,danielbellinger,,Daniel Bellinger,TE,NYG
17.0,,,236.0,13.9,3.0,,,,,9.4,,0.0,65.1,3.8,38.0,25.0,,,,,,,,,,,,,,,,,,,,,,,,,,,,,adamtrautman,,Adam Trautman,TE,DEN
17.0,,,263.0,15.5,1.0,,,,,9.1,,0.0,60.5,3.6,40.0,29.0,,,,,,,,,,,,,,,,,,,,,,,,,,,,,austinhooper,,Austin Hooper,TE,NE
17.0,,,243.0,14.3,2.0,,,,,9.4,,1.0,59.8,3.5,35.0,26.0,,,,,,,,,,,,,,,,,,,,,,,,,,,,,josholiver,,Josh Oliver,TE,MIN
17.0,,,246.0,14.5,1.0,,,,,9.5,,0.0,55.8,3.3,34.0,26.0,,,,,,,,,,,,,,,,,,,,,,,,,,,,,johnnymundt,,Johnny Mundt,TE,MIN
17.0,,,203.0,11.9,1.0,,,,,8.5,,0.0,52.0,3.1,35.0,24.0,,,,,,,,,,,,,,,,,,,,,,,,,,,,,connorheyward,,Connor Heyward,TE,PIT
17.0,,,249.0,14.6,2.0,,,,,15.6,,0.0,51.8,3.0,26.0,16.0,,,,,,,,,,,,,,,,,,,,,,,,,,,,,jelaniwoods,,Jelani Woods,TE,IND
17.0,,,209.0,12.3,1.0,,,,,10.0,,0.0,47.4,2.8,34.0,21.0,,,,,,,,,,,,,,,,,,,,,,,,,,,,,ianthomas,,Ian Thomas,TE,CAR
17.0,,,179.0,10.5,2.0,,,,,11.2,,0.0,45.0,2.6,22.0,16.0,,,,,,,,,,,,,,,,,,,,,,,,,,,,,colbyparkinson,,Colby Parkinson,TE,LAR
17.0,,,179.0,10.5,2.0,,,,,16.3,,0.0,40.0,2.4,16.0,11.0,,,,,,,,,,,,,,,,,,,,,,,,,,,,,teaganquitoriano,,Teagan Quitoriano,TE,HOU
17.0,,,156.0,9.2,1.0,,,,,10.4,,0.0,36.3,2.1,19.0,15.0,,,,,,,,,,,,,,,,,,,,,,,,,,,,,willdissly,,Will Dissly,TE,LAC
17.0,,,145.0,8.5,1.0,,,,,9.1,,0.0,35.7,2.1,24.0,16.0,,,,,,,,,,,,,,,,,,,,,,,,,,,,,johnbates,,John Bates,TE,WAS
17.0,,,133.0,7.8,1.0,,,,,12.1,,0.0,35.7,2.1,14.0,11.0,,,,,,,,,,,,,,,,,,,,,,,,,,,,,armanirogers,,Armani Rogers,TE,PHI
17.0,,,123.0,7.2,2.0,,,,,11.2,,0.0,35.1,2.1,16.0,11.0,,,,,,,,,,,,,,,,,,,,,,,,,,,,,quintinmorris,,Quintin Morris,TE,BUF
17.0,,,101.0,5.9,2.0,,,,,8.4,,0.0,33.2,2.0,13.0,12.0,,,,,,,,,,,,,,,,,,,,,,,,,,,,,brentonstrange,,Brenton Strange,TE,JAC
17.0,,,157.0,9.2,1.0,,,,,14.3,,0.0,32.3,1.9,21.0,11.0,,,,,,,,,,,,,,,,,,,,,,,,,,,,,stonesmartt,,Stone Smartt,TE,LAC
17.0,,,93.0,5.5,2.0,,,,,8.5,,0.0,32.2,1.9,11.0,11.0,,,,,,,,,,,,,,,,,,,,,,,,,,,,,bensims,,Ben Sims,TE,GB
17.0,,,136.0,8.0,1.0,,,,,11.3,,0.0,31.7,1.9,17.0,12.0,,,,,,,,,,,,,,,,,,,,,,,,,,,,,paynedurham,,Payne Durham,TE,TB
17.0,,,161.0,9.5,1.0,,,,,16.1,,0.0,31.3,1.8,20.0,10.0,,,,,,,,,,,,,,,,,,,,,,,,,,,,,andrewogletree,,Andrew Ogletree,TE,IND
17.0,,,128.0,7.5,1.0,,,,,9.9,,0.0,31.1,1.8,16.0,13.0,,,,,,,,,,,,,,,,,,,,,,,,,,,,,jaredwiley,,Jared Wiley,TE,KC
17.0,,,112.0,6.6,1.0,,,,,10.2,,0.0,30.9,1.8,19.0,11.0,,,,,,,,,,,,,,,,,,,,,,,,,,,,,peytonhendershot,,Peyton Hendershot,TE,DAL
17.0,,,110.0,6.5,1.0,,,,,10.0,,0.0,30.9,1.8,16.0,11.0,,,,,,,,,,,,,,,,,,,,,,,,,,,,,jordanakins,,Jordan Akins,TE,CLE
17.0,,,152.0,8.9,1.0,,,,,13.8,,0.0,30.7,1.8,14.0,11.0,,,,,,,,,,,,,,,,,,,,,,,,,,,,,pharaohbrown,,Pharaoh Brown,TE,SEA
17.0,,,101.0,5.9,2.0,,,,,11.2,,0.0,30.2,1.8,12.0,9.0,,,,,,,,,,,,,,,,,,,,,,,,,,,,,mycolepruitt,,Mycole Pruitt,TE,PIT
17.0,,,123.0,7.2,1.0,,,,,10.3,,0.0,30.1,1.8,16.0,12.0,,,,,,,,,,,,,,,,,,,,,,,,,,,,,tannermclachlan,,Tanner Mclachlan,TE,CIN
17.0,,,129.0,7.6,1.0,,,,,10.8,,0.0,30.1,1.8,14.0,12.0,,,,,,,,,,,,,,,,,,,,,,,,,,,,,lukefarrell,,Luke Farrell,TE,JAC
17.0,,,124.0,7.3,1.0,,,,,10.3,,0.0,30.1,1.8,16.0,12.0,,,,,,,,,,,,,,,,,,,,,,,,,,,,,jamesmitchell,,James Mitchell,TE,DET
17.0,,,123.0,7.2,1.0,,,,,10.3,,0.0,30.1,1.8,16.0,12.0,,,,,,,,,,,,,,,,,,,,,,,,,,,,,erickall,,Erick All,TE,CIN
17.0,,,104.0,6.1,1.0,,,,,8.0,,0.0,29.6,1.7,18.0,13.0,,,,,,,,,,,,,,,,,,,,,,,,,,,,,irvsmith,,Irv Smith,TE,KC
17.0,,,120.0,7.1,1.0,,,,,10.9,,0.0,29.1,1.7,15.0,11.0,,,,,,,,,,,,,,,,,,,,,,,,,,,,,fostermoreau,,Foster Moreau,TE,NO
17.0,,,120.0,7.1,1.0,,,,,10.9,,0.0,29.1,1.7,14.0,11.0,,,,,,,,,,,,,,,,,,,,,,,,,,,,,cadestover,,Cade Stover,TE,HOU
17.0,,,114.0,6.7,1.0,,,,,9.5,,0.0,28.6,1.7,17.0,12.0,,,,,,,,,,,,,,,,,,,,,,,,,,,,,roberttonyan,,Robert Tonyan,TE,MIN
17.0,,,113.0,6.6,1.0,,,,,9.4,,0.0,28.6,1.7,16.0,12.0,,,,,,,,,,,,,,,,,,,,,,,,,,,,,tannerhudson,,Tanner Hudson,TE,CIN
17.0,,,121.0,7.1,1.0,,,,,12.1,,0.0,28.1,1.7,13.0,10.0,,,,,,,,,,,,,,,,,,,,,,,,,,,,,cameronlatu,,Cameron Latu,TE,SF
17.0,,,121.0,7.1,1.0,,,,,12.1,,0.0,28.1,1.7,13.0,10.0,,,,,,,,,,,,,,,,,,,,,,,,,,,,,braydenwillis,,Brayden Willis,TE,SF
17.0,,,102.0,6.0,1.0,,,,,9.3,,0.0,27.6,1.6,15.0,11.0,,,,,,,,,,,,,,,,,,,,,,,,,,,,,travisvokolek,,Travis Vokolek,TE,ARI
17.0,,,117.0,6.9,1.0,,,,,10.6,,0.0,27.6,1.6,14.0,11.0,,,,,,,,,,,,,,,,,,,,,,,,,,,,,grantcalcaterra,,Grant Calcaterra,TE,PHI
17.0,,,112.0,6.6,1.0,,,,,10.2,,0.0,27.6,1.6,15.0,11.0,,,,,,,,,,,,,,,,,,,,,,,,,,,,,jeremyruckert,,Jeremy Ruckert,TE,NYJ
17.0,,,102.0,6.0,1.0,,,,,9.3,,0.0,27.6,1.6,15.0,11.0,,,,,,,,,,,,,,,,,,,,,,,,,,,,,tipreiman,,Tip Reiman,TE,ARI
17.0,,,108.0,6.4,1.0,,,,,9.8,,0.0,27.6,1.6,14.0,11.0,,,,,,,,,,,,,,,,,,,,,,,,,,,,,ajbarner,,Aj Barner,TE,SEA
17.0,,,113.0,6.6,1.0,,,,,10.3,,0.0,27.6,1.6,14.0,11.0,,,,,,,,,,,,,,,,,,,,,,,,,,,,,devinculp,,Devin Culp,TE,TB
17.0,,,115.0,6.8,1.0,,,,,10.5,,0.0,27.6,1.6,14.0,11.0,,,,,,,,,,,,,,,,,,,,,,,,,,,,,davisallen,,Davis Allen,TE,LAR
17.0,,,112.0,6.6,1.0,,,,,10.2,,0.0,27.6,1.6,15.0,11.0,,,,,,,,,,,,,,,,,,,,,,,,,,,,,dallinholker,,Dallin Holker,TE,NO
17.0,,,107.0,6.3,1.0,,,,,9.7,,0.0,27.6,1.6,15.0,11.0,,,,,,,,,,,,,,,,,,,,,,,,,,,,,albertokwuegbunam,,Albert Okwuegbunam,TE,PHI
17.0,,,100.0,5.9,1.0,,,,,8.3,,0.0,27.2,1.6,15.0,12.0,,,,,,,,,,,,,,,,,,,,,,,,,,,,,drewsample,,Drew Sample,TE,CIN
17.0,,,95.0,5.6,1.0,,,,,7.9,,0.0,27.2,1.6,13.0,12.0,,,,,,,,,,,,,,,,,,,,,,,,,,,,,josiahdeguara,,Josiah Deguara,TE,JAC
17.0,,,116.0,6.8,1.0,,,,,11.6,,0.0,26.6,1.6,13.0,10.0,,,,,,,,,,,,,,,,,,,,,,,,,,,,,willmallory,,Will Mallory,TE,IND
17.0,,,117.0,6.9,1.0,,,,,11.7,,0.0,26.6,1.6,14.0,10.0,,,,,,,,,,,,,,,,,,,,,,,,,,,,,johnfitzpatrick,,John Fitzpatrick,TE,ATL
17.0,,,118.0,6.9,1.0,,,,,11.8,,0.0,26.6,1.6,15.0,10.0,,,,,,,,,,,,,,,,,,,,,,,,,,,,,coleturner,,Cole Turner,TE,WAS
17.0,,,127.0,7.5,1.0,,,,,15.9,,0.0,26.1,1.5,12.0,8.0,,,,,,,,,,,,,,,,,,,,,,,,,,,,,rossdwelley,,Ross Dwelley,TE,ATL
17.0,,,103.0,6.1,1.0,,,,,11.4,,0.0,25.6,1.5,11.0,9.0,,,,,,,,,,,,,,,,,,,,,,,,,,,,,charliekolar,,Charlie Kolar,TE,BAL
17.0,,,104.0,6.1,1.0,,,,,9.5,,1.0,25.6,1.5,14.0,11.0,,,,,,,,,,,,,,,,,,,,,,,,,,,,,julianhill,,Julian Hill,TE,MIA
17.0,,,104.0,6.1,1.0,,,,,11.6,,0.0,25.6,1.5,13.0,9.0,,,,,,,,,,,,,,,,,,,,,,,,,,,,,nickvannett,,Nick Vannett,TE,TEN
17.0,,,104.0,6.1,1.0,,,,,11.6,,0.0,25.6,1.5,12.0,9.0,,,,,,,,,,,,,,,,,,,,,,,,,,,,,lucaskrull,,Lucas Krull,TE,DEN
17.0,,,,,,,,,,,,,172.0,10.1,,,,39.0,44.0,—,0.309,0.31,11.8,11.9,11.7,11.8,10.6,12.1,4.59,4.59,55.0,57.0,,,,,,,,,,,,,younghoekoo,,Younghoe Koo,K,ATL
17.0,,,,,,,,,,,,,148.0,8.7,,,,34.0,38.0,—,0.263,0.263,10.5,10.6,10.3,11.7,7.6,8.4,5.6,5.6,46.0,47.0,,,,,,,,,,,,,harrisonbutker,,Harrison Butker,K,KC
17.0,,,,,,,,,,,,,147.0,8.6,,,,35.0,42.0,—,0.279,0.279,7.8,7.9,12.1,13.4,10.3,12.4,4.6,4.6,42.0,43.0,,,,,,,,,,,,,jasonmyers,,Jason Myers,K,SEA
17.0,,,,,,,,,,,,,146.0,8.6,,,,32.0,36.0,—,0.251,0.251,9.0,9.1,8.9,9.0,10.4,11.6,3.17,3.17,50.0,51.0,,,,,,,,,,,,,justintucker,,Justin Tucker,K,BAL
17.0,,,,,,,,,,,,,145.0,8.5,,,,34.0,39.0,—,0.259,0.259,10.3,10.4,10.6,10.8,7.4,10.3,5.5,5.5,43.0,44.0,,,,,,,,,,,,,ka'imifairbairn,,Ka'imi Fairbairn,K,HOU
17.0,,,,,,,,,,,,,145.0,8.5,,,,31.0,34.0,—,0.253,0.253,8.8,8.9,8.6,9.5,7.7,8.6,5.4,5.4,52.0,53.0,,,,,,,,,,,,,jakeelliott,,Jake Elliott,K,PHI
17.0,,,,,,,,,,,,,145.0,8.5,,,,34.0,38.0,—,0.264,0.264,8.0,8.1,12.5,14.3,7.6,8.4,5.6,5.6,43.0,46.0,,,,,,,,,,,,,brandonaubrey,,Brandon Aubrey,K,DAL
17.0,,,,,,,,,,,,,142.0,8.4,,,,31.0,37.0,—,0.24,0.241,9.6,10.7,7.8,7.9,8.0,10.0,5.1,5.1,49.0,49.0,,,,,,,,,,,,,blakegrupe,,Blake Grupe,K,NO
17.0,,,,,,,,,,,,,142.0,8.4,,,,30.0,38.0,—,0.244,0.244,7.3,8.1,11.6,12.7,7.0,10.5,3.89,3.89,52.0,53.0,,,,,,,,,,,,,tylerbass,,Tyler Bass,K,BUF
17.0,,,,,,,,,,,,,141.0,8.3,,,,34.0,37.0,—,0.269,0.269,8.9,9.0,10.1,10.3,8.6,10.6,5.7,5.7,39.0,42.0,,,,,,,,,,,,,cairosantos,,Cairo Santos,K,CHI
17.0,,,,,,,,,,,,,139.0,8.2,,,,30.0,35.0,—,0.228,0.228,8.4,8.6,9.5,10.7,6.6,9.8,4.84,4.84,49.0,50.0,,,,,,,,,,,,,jakemoody,,Jake Moody,K,SF
17.0,,,,,,,,,,,,,139.0,8.2,,,,30.0,34.0,—,0.252,0.252,6.9,7.0,8.2,8.3,8.9,9.9,5.4,5.4,49.0,50.0,,,,,,,,,,,,,evanmcpherson,,Evan Mcpherson,K,CIN
17.0,,,,,,,,,,,,,138.0,8.1,,,,31.0,33.0,—,0.25,0.251,7.7,7.8,8.2,8.3,9.1,10.1,5.3,5.3,45.0,45.0,,,,,,,,,,,,,camerondicker,,Cameron Dicker,K,LAC
17.0,,,,,,,,,,,,,138.0,8.1,,,,29.0,34.0,—,0.228,0.228,6.8,6.9,8.3,8.5,8.6,10.6,4.81,4.81,51.0,52.0,,,,,,,,,,,,,jasonsanders,,Jason Sanders,K,MIA
17.0,,,,,,,,,,,,,137.0,8.1,,,,32.0,38.0,—,0.264,0.265,8.6,8.7,10.1,10.8,7.6,9.4,5.6,5.6,41.0,42.0,,,,,,,,,,,,,mattgay,,Matt Gay,K,IND
17.0,,,,,,,,,,,,,136.0,8.0,,,,32.0,39.0,—,0.322,0.325,9.0,9.3,10.3,11.5,9.0,11.7,3.54,3.54,40.0,44.0,,,,,,,,,,,,,camlittle,,Cam Little,K,JAC
17.0,,,,,,,,,,,,,134.0,7.9,,,,32.0,36.0,—,0.257,0.257,7.9,7.9,8.3,8.5,10.1,12.8,5.5,5.5,38.0,41.0,,,,,,,,,,,,,dustinhopkins,,Dustin Hopkins,K,CLE
17.0,,,,,,,,,,,,,132.0,7.8,,,,33.0,37.0,—,0.264,0.264,7.2,7.3,9.8,10.7,11.2,12.5,4.77,4.77,33.0,36.0,,,,,,,,,,,,,gregzuerlein,,Greg Zuerlein,K,NYJ
17.0,,,,,,,,,,,,,130.0,7.6,,,,31.0,38.0,—,0.313,0.317,8.8,9.0,10.0,11.2,8.8,11.4,3.45,3.45,37.0,41.0,,,,,,,,,,,,,joshuakarty,,Joshua Karty,K,LAR
17.0,,,,,,,,,,,,,128.0,7.5,,,,29.0,34.0,—,0.235,0.235,7.7,7.8,9.7,9.8,6.8,9.4,5.0,5.0,41.0,41.0,,,,,,,,,,,,,chasemclaughlin,,Chase Mclaughlin,K,TB
17.0,,,,,,,,,,,,,126.0,7.4,,,,29.0,33.0,—,0.251,0.252,6.9,7.0,8.8,9.9,7.2,8.9,5.3,5.3,39.0,40.0,,,,,,,,,,,,,mattprater,,Matt Prater,K,ARI
17.0,,,,,,,,,,,,,120.0,7.1,,,,25.0,30.0,—,0.252,0.254,7.0,7.3,8.1,9.0,7.0,9.2,2.77,2.77,45.0,50.0,,,,,,,,,,,,,jakebates,,Jake Bates,K,DET
17.0,,,,,,,,,,,,,120.0,7.1,,,,28.0,34.0,—,0.216,0.216,8.6,8.7,10.3,11.3,6.2,8.5,2.97,2.97,36.0,38.0,,,,,,,,,,,,,willutz,,Wil Lutz,K,DEN
17.0,,,,,,,,,,,,,114.0,6.7,,,,27.0,31.0,—,0.218,0.218,7.7,7.9,7.1,7.6,7.4,9.2,4.63,4.63,33.0,34.0,,,,,,,,,,,,,chrisboswell,,Chris Boswell,K,PIT
17.0,,,,,,,,,,,,,109.0,6.4,,,,26.0,27.0,—,0.203,0.203,7.5,7.5,7.6,7.7,6.2,6.9,4.03,4.03,31.0,34.0,,,,,,,,,,,,,nickfolk,,Nick Folk,K,TEN
17.0,,,,,,,,,,,,,109.0,6.4,,,,25.0,28.0,—,0.203,0.204,8.1,8.2,6.6,7.2,7.5,8.3,2.69,2.69,34.0,35.0,,,,,,,,,,,,,danielcarlson,,Daniel Carlson,K,LV
17.0,,,,,,,,,,,,,107.0,6.3,,,,23.0,29.0,—,0.18,0.181,4.96,5.0,8.5,10.1,5.6,7.5,3.76,3.76,38.0,40.0,,,,,,,,,,,,,cadeyork,,Cade York,K,WAS
17.0,,,,,,,,,,,,,104.0,6.1,,,,24.0,29.0,—,0.244,0.246,6.8,7.0,7.8,8.7,6.8,8.9,2.68,2.68,32.0,35.0,,,,,,,,,,,,,willreichard,,Will Reichard,K,MIN
17.0,,,,,,,,,,,,,100.0,5.9,,,,25.0,29.0,—,0.197,0.197,5.4,5.5,7.9,8.0,7.6,9.2,4.16,4.16,25.0,28.0,,,,,,,,,,,,,eddypineiro,,Eddy Pineiro,K,CAR
17.0,,,,,,,,,,,,,95.0,5.6,,,,21.0,27.0,—,0.173,0.174,4.77,4.82,6.8,8.2,5.7,8.5,3.69,3.69,32.0,33.0,,,,,,,,,,,,,grahamgano,,Graham Gano,K,NYG
17.0,,,,,,,,,,,,,85.0,5.0,,,,19.0,26.0,—,0.154,0.154,4.8,4.85,6.0,7.2,6.0,9.0,2.4,2.4,28.0,30.0,,,,,,,,,,,,,chadryland,,Chad Ryland,K,NE
17.0,,,,,,,,,,,,,79.0,4.6,,,,19.0,28.0,—,0.265,0.265,5.2,5.8,6.1,8.1,4.07,6.8,3.01,3.01,22.0,30.0,,,,,,,,,,,,,gregjoseph,,Greg Joseph,K,GB
17.0,,,,,,,,,,,,,51.0,3.0,,,,12.0,18.0,—,0.1,0.1,3.44,3.82,4.73,6.3,2.86,4.76,1.29,1.29,15.0,21.0,,,,,,,,,,,,,anderscarlson,,Anders Carlson,K,GB
,,,,,,15.0,,,,276.9,,,238.3,14.0,,,,,,,,,,,,,,,,,,,Baltimore,0.0,54.7,676.0,15.0,20.0,3.6,336.0,19.8,0.0,1810.0,4707.0,,BAL,,DEF,
,,,,,,15.0,,,,253.9,,,237.7,14.0,,,,,,,,,,,,,,,,,,,N.Y. Jets,0.0,60.5,638.0,13.0,17.0,3.2,352.0,20.7,0.0,1766.0,4316.0,,NYJ,,DEF,
,,,,,,14.0,,,,291.8,,,234.7,13.8,,,,,,,,,,,,,,,,,,,Buffalo,0.0,52.3,640.0,16.0,22.0,3.4,355.0,20.9,0.0,1930.0,4960.0,,BUF,,DEF,
,,,,,,12.0,,,,267.0,,,224.7,13.2,,,,,,,,,,,,,,,,,,,Kansas City,0.0,55.9,668.0,13.0,18.0,2.8,341.0,20.1,0.0,1888.0,4539.0,,KC,,DEF,
,,,,,,14.0,,,,296.8,,,204.0,12.0,,,,,,,,,,,,,,,,,,,Dallas,0.0,59.4,668.0,15.0,20.0,3.1,389.0,22.9,0.0,1748.0,5046.0,,DAL,,DEF,
,,,,,,12.0,,,,296.6,,,195.6,11.5,,,,,,,,,,,,,,,,,,,Miami,0.0,56.2,685.0,15.0,20.0,2.9,407.0,23.9,0.0,1594.0,5042.0,,MIA,,DEF,
,,,,,,15.0,,,,278.9,,,190.5,11.2,,,,,,,,,,,,,,,,,,,Cleveland,0.0,53.1,631.0,11.0,16.0,2.9,388.0,22.8,0.0,1700.0,4741.0,,CLE,,DEF,
,,,,,,13.0,,,,295.6,,,190.4,11.2,,,,,,,,,,,,,,,,,,,Philadelphia,0.0,51.0,680.0,14.0,19.0,2.9,399.0,23.5,0.0,1774.0,5026.0,,PHI,,DEF,
,,,,,,10.0,,,,305.4,,,184.4,10.8,,,,,,,,,,,,,,,,,,,Tampa Bay,0.0,50.2,708.0,15.0,21.0,2.7,341.0,20.1,0.0,1672.0,5191.0,,TB,,DEF,
,,,,,,11.0,,,,278.9,,,183.0,10.8,,,,,,,,,,,,,,,,,,,Atlanta,0.0,57.4,654.0,10.0,14.0,2.6,414.0,24.4,0.0,1605.0,4741.0,,ATL,,DEF,
,,,,,,15.0,,,,300.8,,,182.0,10.7,,,,,,,,,,,,,,,,,,,San Francisco,0.0,42.0,688.0,12.0,16.0,3.0,342.0,20.1,0.0,1765.0,5114.0,,SF,,DEF,
,,,,,,17.0,,,,297.1,,,174.2,10.2,,,,,,,,,,,,,,,,,,,Chicago,0.0,36.2,677.0,9.0,13.0,3.0,383.0,22.5,0.0,1632.0,5051.0,,CHI,,DEF,
,,,,,,12.0,,,,308.4,,,168.5,9.9,,,,,,,,,,,,,,,,,,,Houston,0.0,64.7,698.0,13.0,18.0,3.3,390.0,22.9,0.0,1705.0,5242.0,,HOU,,DEF,
,,,,,,12.0,,,,292.8,,,166.2,9.8,,,,,,,,,,,,,,,,,,,New England,0.0,34.6,692.0,12.0,16.0,2.6,424.0,24.9,0.0,1452.0,4977.0,,NE,,DEF,
,,,,,,12.0,,,,310.0,,,166.0,9.8,,,,,,,,,,,,,,,,,,,Indianapolis,0.0,65.8,685.0,13.0,17.0,2.7,456.0,26.8,0.0,1801.0,5270.0,,IND,,DEF,
,,,,,,12.0,,,,291.7,,,161.7,9.5,,,,,,,,,,,,,,,,,,,Carolina,0.0,39.9,697.0,8.0,11.0,2.3,458.0,26.9,0.0,1746.0,4959.0,,CAR,,DEF,
,,,,,,14.0,,,,333.8,,,160.4,9.4,,,,,,,,,,,,,,,,,,,Cincinnati,0.0,52.6,690.0,13.0,18.0,3.3,391.0,23.0,0.0,1993.0,5675.0,,CIN,,DEF,
,,,,,,14.0,,,,323.2,,,158.6,9.3,,,,,,,,,,,,,,,,,,,Pittsburgh,0.0,53.8,685.0,13.0,18.0,2.8,372.0,21.9,0.0,1867.0,5494.0,,PIT,,DEF,
,,,,,,11.0,,,,316.4,,,158.0,9.3,,,,,,,,,,,,,,,,,,,L.A. Chargers,0.0,52.8,681.0,15.0,21.0,3.2,395.0,23.2,0.0,1793.0,5378.0,,LAC,,DEF,
,,,,,,13.0,,,,324.8,,,155.2,9.1,,,,,,,,,,,,,,,,,,,N.Y. Giants,0.0,42.0,693.0,17.0,23.0,3.2,404.0,23.8,0.0,2057.0,5522.0,,NYG,,DEF,
,,,,,,15.0,,,,311.8,,,154.7,9.1,,,,,,,,,,,,,,,,,,,New Orleans,0.0,42.9,673.0,14.0,19.0,3.3,384.0,22.6,0.0,1898.0,5300.0,,NO,,DEF,
,,,,,,13.0,,,,317.1,,,152.4,9.0,,,,,,,,,,,,,,,,,,,Jacksonville,0.0,41.8,695.0,16.0,22.0,3.1,394.0,23.2,0.0,1832.0,5391.0,,JAX,,DEF,
,,,,,,12.0,,,,324.1,,,150.6,8.9,,,,,,,,,,,,,,,,,,,Green Bay,0.0,49.8,688.0,13.0,18.0,2.8,384.0,22.6,0.0,1969.0,5510.0,,GB,,DEF,
,,,,,,9.0,,,,339.3,,,149.8,8.8,,,,,,,,,,,,,,,,,,,Denver,0.0,44.4,702.0,18.0,24.0,2.9,469.0,27.6,0.0,1974.0,5768.0,,DEN,,DEF,
,,,,,,12.0,,,,334.6,,,148.6,8.7,,,,,,,,,,,,,,,,,,,Seattle,0.0,50.4,693.0,12.0,16.0,2.7,402.0,23.6,0.0,2069.0,5689.0,,SEA,,DEF,
,,,,,,11.0,,,,306.4,,,146.7,8.6,,,,,,,,,,,,,,,,,,,Las Vegas,0.0,49.7,706.0,13.0,18.0,2.5,376.0,22.1,0.0,1766.0,5209.0,,LV,,DEF,
,,,,,,10.0,,,,306.3,,,142.3,8.4,,,,,,,,,,,,,,,,,,,Minnesota,0.0,47.3,716.0,13.0,18.0,2.5,421.0,24.8,0.0,1686.0,5207.0,,MIN,,DEF,
,,,,,,14.0,,,,328.7,,,142.1,8.4,,,,,,,,,,,,,,,,,,,Detroit,0.0,43.3,675.0,10.0,14.0,2.8,413.0,24.3,0.0,1690.0,5588.0,,DET,,DEF,
,,,,,,10.0,,,,303.8,,,139.1,8.2,,,,,,,,,,,,,,,,,,,Tennessee,0.0,47.3,689.0,12.0,16.0,2.3,411.0,24.2,0.0,1550.0,5164.0,,TEN,,DEF,
,,,,,,11.0,,,,330.8,,,137.0,8.1,,,,,,,,,,,,,,,,,,,Arizona,0.0,44.6,694.0,11.0,16.0,2.4,472.0,27.8,0.0,1992.0,5624.0,,ARI,,DEF,
,,,,,,13.0,,,,321.5,,,132.9,7.8,,,,,,,,,,,,,,,,,,,L.A. Rams,0.0,39.9,679.0,9.0,12.0,2.5,434.0,25.5,0.0,1751.0,5465.0,,LAR,,DEF,
,,,,,,12.0,,,,321.9,,,119.5,7.0,,,,,,,,,,,,,,,,,,,Washington,0.0,51.3,693.0,14.0,19.0,2.7,484.0,28.5,0.0,1863.0,5473.0,,WAS,,DEF,
