PLAYER,GP,ATT,CMP,YDS,YDS/G,TD,INT,RATE,ATT.1,YDS.1,AVG,TD.1,FL,FPTS,FPPG,TGT,REC,AVG.1,FGM,FGA,LNG,2024-01-19 00:00:00,1-19A,20-29,20-29A,30-39,30-39A,40-49,40-49A,50+,50+A,XPM,XPA,TEAM,SFTY,SCK,TK,FREC,FUM,DTD,PTS,PPG,PASS,RUSH,TOTAL,search_full_name,full_name,first_name,last_name,position,team,full_name_sleeper,position_sleeper,team_sleeper
Jalen Hurts QB  PHI,17.0,520.0,344.0,3966.0,233.3,31.0,16.0,96.0,147.0,600.0,4.1,13.0,4.0,441.3,26.0,,,,,,,,,,,,,,,,,,,,,,,,,,,,,,,jalenhurts,Jalen Hurts,Jalen,Hurts,QB,PHI,Jalen Hurts,QB,
Josh Allen QB  BUF,17.0,558.0,363.0,3997.0,235.1,32.0,15.0,94.1,129.0,686.0,5.3,10.0,4.0,441.2,26.0,,,,,,,,,,,,,,,,,,,,,,,,,,,,,,,joshallen,Josh Allen,Josh,Allen,QB,BUF,Josh Allen,QB,
Lamar Jackson QB  BAL,17.0,452.0,297.0,3609.0,212.3,29.0,11.0,101.4,154.0,919.0,6.0,5.0,6.0,405.2,23.8,,,,,,,,,,,,,,,,,,,,,,,,,,,,,,,lamarjackson,Lamar Jackson,Lamar,Jackson,QB,BAL,Lamar Jackson,QB,
Patrick Mahomes QB  KC,17.0,609.0,415.0,4484.0,263.8,32.0,11.0,99.5,76.0,421.0,5.5,1.0,2.0,391.0,23.0,,,,,,,,,,,,,,,,,,,,,,,,,,,,,,,patrickmahomes,Patrick Mahomes,Patrick,Mahomes,QB,KC,Patrick Mahomes,QB,
Jordan Love QB  GB,17.0,525.0,349.0,3990.0,234.7,36.0,10.0,104.1,46.0,184.0,4.0,3.0,2.0,385.4,22.7,,,,,,,,,,,,,,,,,,,,,,,,,,,,,,,jordanlove,Jordan Love,Jordan,Love,QB,GB,Jordan Love,QB,
Dak Prescott QB  DAL,17.0,576.0,389.0,4230.0,248.8,34.0,13.0,99.2,56.0,230.0,4.1,2.0,2.0,376.1,22.1,,,,,,,,,,,,,,,,,,,,,,,,,,,,,,,dakprescott,Dak Prescott,Dak,Prescott,QB,DAL,Dak Prescott,QB,
Brock Purdy QB  SF,17.0,469.0,321.0,4206.0,247.4,33.0,9.0,111.9,44.0,157.0,3.6,2.0,2.0,370.5,21.8,,,,,,,,,,,,,,,,,,,,,,,,,,,,,,,brockpurdy,Brock Purdy,Brock,Purdy,QB,SF,Brock Purdy,QB,
Joe Burrow QB  CIN,17.0,594.0,405.0,4265.0,250.9,33.0,12.0,98.9,50.0,150.0,3.0,2.0,2.0,365.1,21.5,,,,,,,,,,,,,,,,,,,,,,,,,,,,,,,joeburrow,Joe Burrow,Joe,Burrow,QB,CIN,Joe Burrow,QB,
Jayden Daniels QB  WAS,17.0,550.0,345.0,3604.0,212.0,27.0,15.0,86.7,129.0,633.0,4.9,5.0,6.0,356.3,21.0,,,,,,,,,,,,,,,,,,,,,,,,,,,,,,,jaydendaniels,Jayden Daniels,Jayden,Daniels,QB,WAS,Jayden Daniels,QB,
C.J. Stroud QB  HOU,17.0,528.0,346.0,4223.0,248.4,30.0,9.0,101.9,40.0,162.0,4.1,3.0,4.0,355.3,20.9,,,,,,,,,,,,,,,,,,,,,,,,,,,,,,,c.j.stroud,C.J. Stroud,C.J.,Stroud,QB,HOU,,,
Caleb Williams QB  CHI,17.0,494.0,318.0,3478.0,204.6,28.0,13.0,93.0,116.0,565.0,4.9,5.0,6.0,354.1,20.8,,,,,,,,,,,,,,,,,,,,,,,,,,,,,,,calebwilliams,Caleb Williams,Caleb,Williams,QB,CHI,Caleb Williams,QB,
Anthony Richardson QB  IND,17.0,508.0,320.0,3592.0,211.3,24.0,10.0,91.6,153.0,629.0,4.1,6.0,6.0,353.7,20.8,,,,,,,,,,,,,,,,,,,,,,,,,,,,,,,anthonyrichardson,Anthony Richardson,Anthony,Richardson,QB,IND,Anthony Richardson,QB,
Kyler Murray QB  ARI,17.0,557.0,378.0,3647.0,214.5,27.0,14.0,91.6,83.0,436.0,5.3,5.0,0.0,351.3,20.7,,,,,,,,,,,,,,,,,,,,,,,,,,,,,,,kylermurray,Kyler Murray,Kyler,Murray,QB,ARI,Kyler Murray,QB,
Trevor Lawrence QB  JAC,17.0,561.0,381.0,3990.0,234.7,28.0,12.0,96.0,70.0,308.0,4.4,5.0,6.0,351.0,20.6,,,,,,,,,,,,,,,,,,,,,,,,,,,,,,,trevorlawrence,Trevor Lawrence,Trevor,Lawrence,QB,JAC,Trevor Lawrence,QB,
Jared Goff QB  DET,17.0,574.0,397.0,4431.0,260.6,31.0,9.0,103.4,32.0,42.0,1.3,1.0,3.0,349.6,20.6,,,,,,,,,,,,,,,,,,,,,,,,,,,,,,,jaredgoff,Jared Goff,Jared,Goff,QB,DET,Jared Goff,QB,
Justin Herbert QB  LAC,17.0,572.0,372.0,3924.0,230.8,28.0,10.0,93.9,65.0,263.0,4.1,3.0,2.0,343.3,20.2,,,,,,,,,,,,,,,,,,,,,,,,,,,,,,,justinherbert,Justin Herbert,Justin,Herbert,QB,LAC,Justin Herbert,QB,
Kirk Cousins QB  ATL,17.0,515.0,341.0,4029.0,237.0,30.0,7.0,103.6,38.0,111.0,2.9,2.0,6.0,337.0,19.8,,,,,,,,,,,,,,,,,,,,,,,,,,,,,,,kirkcousins,Kirk Cousins,Kirk,Cousins,QB,ATL,Kirk Cousins,QB,
Deshaun Watson QB  CLE,17.0,604.0,355.0,4022.0,236.6,28.0,18.0,81.8,68.0,350.0,5.2,2.0,4.0,329.8,19.4,,,,,,,,,,,,,,,,,,,,,,,,,,,,,,,deshaunwatson,Deshaun Watson,Deshaun,Watson,QB,CLE,Deshaun Watson,QB,
Baker Mayfield QB  TB,17.0,570.0,360.0,3993.0,234.9,29.0,11.0,92.8,52.0,150.0,2.9,1.0,3.0,324.1,19.1,,,,,,,,,,,,,,,,,,,,,,,,,,,,,,,bakermayfield,Baker Mayfield,Baker,Mayfield,QB,TB,Baker Mayfield,QB,
Derek Carr QB  NO,17.0,546.0,366.0,3894.0,229.1,31.0,10.0,99.0,32.0,59.0,1.8,0.0,3.0,321.6,18.9,,,,,,,,,,,,,,,,,,,,,,,,,,,,,,,derekcarr,Derek Carr,Derek,Carr,QB,NO,Derek Carr,QB,
Tua Tagovailoa QB  MIA,17.0,527.0,366.0,4290.0,252.4,29.0,13.0,101.9,35.0,93.0,2.7,0.0,4.0,319.8,18.8,,,,,,,,,,,,,,,,,,,,,,,,,,,,,,,tuatagovailoa,Tua Tagovailoa,Tua,Tagovailoa,QB,MIA,Tua Tagovailoa,QB,
Geno Smith QB  SEA,17.0,525.0,348.0,3763.0,221.4,28.0,13.0,94.6,43.0,184.0,4.3,2.0,3.0,314.6,18.5,,,,,,,,,,,,,,,,,,,,,,,,,,,,,,,genosmith,Geno Smith,Geno,Smith,QB,SEA,Geno Smith,QB,
Matthew Stafford QB  LAR,17.0,556.0,352.0,4144.0,243.8,28.0,13.0,92.9,25.0,63.0,2.5,0.0,1.0,311.2,18.3,,,,,,,,,,,,,,,,,,,,,,,,,,,,,,,matthewstafford,Matthew Stafford,Matthew,Stafford,QB,LAR,Matthew Stafford,QB,
Daniel Jones QB  NYG,17.0,480.0,310.0,3124.0,183.8,20.0,14.0,84.8,106.0,556.0,5.3,4.0,3.0,288.2,17.0,,,,,,,,,,,,,,,,,,,,,,,,,,,,,,,danieljones,Daniel Jones,Daniel,Jones,QB,NYG,Daniel Jones,QB,
Aaron Rodgers QB  NYJ,17.0,550.0,356.0,3623.0,213.1,24.0,9.0,91.2,28.0,73.0,2.6,2.0,2.0,286.1,16.8,,,,,,,,,,,,,,,,,,,,,,,,,,,,,,,aaronrodgers,Aaron Rodgers,Aaron,Rodgers,QB,NYJ,Aaron Rodgers,QB,
Sam Darnold QB  MIN,17.0,576.0,381.0,4130.0,242.9,25.0,20.0,87.1,31.0,57.0,1.8,1.0,2.0,282.4,16.6,,,,,,,,,,,,,,,,,,,,,,,,,,,,,,,samdarnold,Sam Darnold,Sam,Darnold,QB,MIN,Sam Darnold,QB,
Bo Nix QB  DEN,17.0,457.0,291.0,3074.0,180.8,24.0,11.0,90.7,60.0,251.0,4.2,1.0,4.0,265.6,15.6,,,,,,,,,,,,,,,,,,,,,,,,,,,,,,,bonix,Bo Nix,Bo,Nix,QB,DEN,Bo Nix,QB,
Will Levis QB  TEN,17.0,439.0,284.0,3287.0,193.4,22.0,14.0,90.6,48.0,183.0,3.8,2.0,4.0,255.6,15.0,,,,,,,,,,,,,,,,,,,,,,,,,,,,,,,willlevis,Will Levis,Will,Levis,QB,TEN,Will Levis,QB,
Bryce Young QB  CAR,17.0,515.0,309.0,3023.0,177.8,20.0,11.0,80.6,38.0,230.0,6.1,1.0,3.0,239.7,14.1,,,,,,,,,,,,,,,,,,,,,,,,,,,,,,,bryceyoung,Bryce Young,Bryce,Young,QB,CAR,Bryce Young,QB,
Russell Wilson QB  PIT,17.0,391.0,244.0,2663.0,156.6,17.0,8.0,88.4,66.0,277.0,4.2,4.0,4.0,234.6,13.8,,,,,,,,,,,,,,,,,,,,,,,,,,,,,,,russellwilson,Russell Wilson,Russell,Wilson,QB,PIT,Russell Wilson,QB,
Gardner Minshew QB  LV,17.0,466.0,287.0,3109.0,182.9,20.0,14.0,83.0,28.0,68.0,2.4,2.0,4.0,226.9,13.3,,,,,,,,,,,,,,,,,,,,,,,,,,,,,,,gardnerminshew,Gardner Minshew,Gardner,Minshew,QB,LV,Gardner Minshew,QB,
Taysom Hill QB  NO,17.0,5.0,4.0,38.0,2.2,0.0,0.0,98.3,80.0,403.0,5.0,6.0,1.0,154.7,9.1,,,,,,,,,,,,,,,,,,,,,,,,,,,,,,,taysomhill,Taysom Hill,Taysom,Hill,QB,NO,Taysom Hill,QB,
Drake Maye QB  NE,17.0,333.0,214.0,2107.0,123.9,13.0,14.0,77.5,38.0,155.0,4.1,1.0,1.0,152.3,9.0,,,,,,,,,,,,,,,,,,,,,,,,,,,,,,,drakemaye,Drake Maye,Drake,Maye,QB,NE,Drake Maye,QB,
Jacoby Brissett QB  NE,17.0,188.0,121.0,1203.0,70.8,7.0,7.0,79.3,16.0,69.0,4.3,0.0,1.0,80.9,4.8,,,,,,,,,,,,,,,,,,,,,,,,,,,,,,,jacobybrissett,Jacoby Brissett,Jacoby,Brissett,QB,NE,Jacoby Brissett,QB,
Justin Fields QB  PIT,17.0,97.0,59.0,639.0,37.6,4.0,2.0,85.4,39.0,197.0,5.1,2.0,1.0,73.1,4.3,,,,,,,,,,,,,,,,,,,,,,,,,,,,,,,justinfields,Justin Fields,Justin,Fields,QB,PIT,Justin Fields,QB,
Aidan O'Connell QB  LV,17.0,52.0,32.0,346.0,20.4,2.0,1.0,85.9,3.0,3.0,1.0,0.0,0.0,26.5,1.6,,,,,,,,,,,,,,,,,,,,,,,,,,,,,,,aidano'connell,Aidan O'Connell,Aidan,O'Connell,QB,LV,,,
Jarrett Stidham QB  DEN,17.0,39.0,25.0,264.0,15.5,2.0,1.0,90.1,6.0,20.0,3.3,0.0,0.0,24.5,1.4,,,,,,,,,,,,,,,,,,,,,,,,,,,,,,,jarrettstidham,Jarrett Stidham,Jarrett,Stidham,QB,DEN,Jarrett Stidham,QB,
Carson Wentz QB  KC,17.0,25.0,16.0,170.0,10.0,1.0,0.0,97.1,4.0,18.0,4.5,0.0,0.0,17.7,1.0,,,,,,,,,,,,,,,,,,,,,,,,,,,,,,,carsonwentz,Carson Wentz,Carson,Wentz,QB,KC,Carson Wentz,QB,
Joshua Dobbs QB  SF,17.0,19.0,13.0,172.0,10.1,1.0,0.0,114.4,5.0,21.0,4.2,0.0,0.0,17.7,1.0,,,,,,,,,,,,,,,,,,,,,,,,,,,,,,,joshuadobbs,Joshua Dobbs,Joshua,Dobbs,QB,SF,Joshua Dobbs,QB,
Jake Browning QB  CIN,17.0,24.0,17.0,174.0,10.2,1.0,0.0,105.2,3.0,15.0,5.0,0.0,0.0,16.7,1.0,,,,,,,,,,,,,,,,,,,,,,,,,,,,,,,jakebrowning,Jake Browning,Jake,Browning,QB,CIN,Jake Browning,QB,
Josh Johnson QB  BAL,17.0,19.0,12.0,147.0,8.6,1.0,0.0,104.5,5.0,26.0,5.2,0.0,0.0,16.5,1.0,,,,,,,,,,,,,,,,,,,,,,,,,,,,,,,joshjohnson,Josh Johnson,Josh,Johnson,QB,BAL,Josh Johnson,QB,
Josh Johnson QB  BAL,17.0,19.0,12.0,147.0,8.6,1.0,0.0,104.5,5.0,26.0,5.2,0.0,0.0,16.5,1.0,,,,,,,,,,,,,,,,,,,,,,,,,,,,,,,joshjohnson,Josh Johnson,Josh,Johnson,QB,BAL,Josh Johnson,RB,
Josh Johnson QB  BAL,17.0,19.0,12.0,147.0,8.6,1.0,0.0,104.5,5.0,26.0,5.2,0.0,0.0,16.5,1.0,,,,,,,,,,,,,,,,,,,,,,,,,,,,,,,joshjohnson,Josh Johnson,Josh,Johnson,QB,BAL,Josh Johnson,WR,
Easton Stick QB  LAC,17.0,23.0,14.0,147.0,8.6,1.0,0.0,93.9,4.0,22.0,5.5,0.0,0.0,16.5,1.0,,,,,,,,,,,,,,,,,,,,,,,,,,,,,,,eastonstick,Easton Stick,Easton,Stick,QB,LAC,Easton Stick,QB,
Andy Dalton QB  CAR,17.0,21.0,12.0,121.0,7.1,1.0,0.0,89.6,4.0,17.0,4.3,0.0,0.0,15.9,0.9,,,,,,,,,,,,,,,,,,,,,,,,,,,,,,,andydalton,Andy Dalton,Andy,Dalton,QB,CAR,Andy Dalton,QB,
Davis Mills QB  HOU,17.0,22.0,13.0,157.0,9.2,1.0,0.0,96.2,4.0,14.0,3.5,0.0,0.0,15.9,0.9,,,,,,,,,,,,,,,,,,,,,,,,,,,,,,,davismills,Davis Mills,Davis,Mills,QB,HOU,Davis Mills,QB,
Mac Jones QB  JAC,17.0,23.0,16.0,163.0,9.6,1.0,0.0,104.1,4.0,15.0,3.8,0.0,0.0,15.9,0.9,,,,,,,,,,,,,,,,,,,,,,,,,,,,,,,macjones,Mac Jones,Mac,Jones,QB,JAC,Mac Jones,QB,
Tyrod Taylor QB  NYJ,17.0,22.0,15.0,148.0,8.7,1.0,0.0,102.1,4.0,15.0,3.8,0.0,0.0,15.5,0.9,,,,,,,,,,,,,,,,,,,,,,,,,,,,,,,tyrodtaylor,Tyrod Taylor,Tyrod,Taylor,QB,NYJ,Tyrod Taylor,QB,
Spencer Rattler QB  NO,17.0,17.0,11.0,119.0,7.0,1.0,0.0,104.8,2.0,8.0,4.0,0.0,0.0,14.9,0.9,,,,,,,,,,,,,,,,,,,,,,,,,,,,,,,spencerrattler,Spencer Rattler,Spencer,Rattler,QB,NO,Spencer Rattler,QB,
Michael Penix Jr. QB  ATL,17.0,16.0,10.0,123.0,7.2,1.0,0.0,107.0,2.0,10.0,5.0,0.0,0.0,14.9,0.9,,,,,,,,,,,,,,,,,,,,,,,,,,,,,,,michaelpenix,Michael Penix,Michael,Penix,Jr.,QB,Michael Penix,QB,
Michael Pratt QB  GB,17.0,16.0,11.0,122.0,7.2,1.0,0.0,112.0,2.0,8.0,4.0,0.0,0.0,14.9,0.9,,,,,,,,,,,,,,,,,,,,,,,,,,,,,,,michaelpratt,Michael Pratt,Michael,Pratt,QB,GB,Michael Pratt,QB,
Kenny Pickett QB  PHI,17.0,21.0,14.0,162.0,9.5,1.0,1.0,85.8,5.0,26.0,5.2,0.0,0.0,14.9,0.9,,,,,,,,,,,,,,,,,,,,,,,,,,,,,,,kennypickett,Kenny Pickett,Kenny,Pickett,QB,PHI,Kenny Pickett,QB,
Mitch Trubisky QB  BUF,17.0,22.0,15.0,160.0,9.4,1.0,1.0,85.4,5.0,24.0,4.8,0.0,0.0,14.9,0.9,,,,,,,,,,,,,,,,,,,,,,,,,,,,,,,mitchtrubisky,Mitch Trubisky,Mitch,Trubisky,QB,BUF,,,
Trey Lance QB  DAL,17.0,24.0,15.0,159.0,9.4,1.0,1.0,78.3,5.0,18.0,3.6,0.0,0.0,14.9,0.9,,,,,,,,,,,,,,,,,,,,,,,,,,,,,,,treylance,Trey Lance,Trey,Lance,QB,DAL,Trey Lance,QB,
Jameis Winston QB  CLE,17.0,25.0,15.0,164.0,9.6,1.0,1.0,76.1,5.0,21.0,4.2,0.0,0.0,14.9,0.9,,,,,,,,,,,,,,,,,,,,,,,,,,,,,,,jameiswinston,Jameis Winston,Jameis,Winston,QB,CLE,Jameis Winston,QB,
Mike White QB  MIA,17.0,22.0,15.0,172.0,10.1,1.0,1.0,87.7,4.0,4.0,1.0,0.0,0.0,14.7,0.9,,,,,,,,,,,,,,,,,,,,,,,,,,,,,,,mikewhite,Mike White,Mike,White,QB,MIA,Mike White,QB,
Tyson Bagent QB  CHI,17.0,20.0,13.0,139.0,8.2,1.0,1.0,81.0,5.0,20.0,4.0,0.0,0.0,14.5,0.9,,,,,,,,,,,,,,,,,,,,,,,,,,,,,,,tysonbagent,Tyson Bagent,Tyson,Bagent,QB,CHI,Tyson Bagent,QB,
Carter Bradley QB  LV,17.0,16.0,10.0,106.0,6.2,1.0,0.0,102.6,2.0,7.0,3.5,0.0,0.0,14.5,0.9,,,,,,,,,,,,,,,,,,,,,,,,,,,,,,,carterbradley,Carter Bradley,Carter,Bradley,QB,LV,Carter Bradley,QB,
Joe Flacco QB  IND,17.0,21.0,13.0,147.0,8.6,1.0,0.0,98.7,5.0,20.0,4.0,0.0,1.0,14.5,0.9,,,,,,,,,,,,,,,,,,,,,,,,,,,,,,,joeflacco,Joe Flacco,Joe,Flacco,QB,IND,Joe Flacco,QB,
Jimmy Garoppolo QB  LAR,15.0,20.0,13.0,146.0,9.7,1.0,0.0,103.3,4.0,17.0,4.3,0.0,0.0,14.3,1.0,,,,,,,,,,,,,,,,,,,,,,,,,,,,,,,jimmygaroppolo,Jimmy Garoppolo,Jimmy,Garoppolo,QB,LAR,Jimmy Garoppolo,QB,
Kyle Trask QB  TB,17.0,19.0,10.0,100.0,5.9,1.0,0.0,85.4,4.0,3.0,0.8,0.0,0.0,14.1,0.8,,,,,,,,,,,,,,,,,,,,,,,,,,,,,,,kyletrask,Kyle Trask,Kyle,Trask,QB,TB,Kyle Trask,QB,
Drew Lock QB  NYG,17.0,20.0,12.0,124.0,7.3,1.0,1.0,73.8,4.0,17.0,4.3,0.0,0.0,13.9,0.8,,,,,,,,,,,,,,,,,,,,,,,,,,,,,,,drewlock,Drew Lock,Drew,Lock,QB,NYG,Drew Lock,QB,
Cooper Rush QB  DAL,17.0,24.0,15.0,166.0,9.8,1.0,1.0,79.5,5.0,4.0,0.8,0.0,0.0,13.9,0.8,,,,,,,,,,,,,,,,,,,,,,,,,,,,,,,cooperrush,Cooper Rush,Cooper,Rush,QB,DAL,Cooper Rush,QB,
Nick Mullens QB  MIN,17.0,24.0,16.0,169.0,9.9,1.0,1.0,83.5,4.0,14.0,3.5,0.0,0.0,13.9,0.8,,,,,,,,,,,,,,,,,,,,,,,,,,,,,,,nickmullens,Nick Mullens,Nick,Mullens,QB,MIN,Nick Mullens,QB,
Sam Howell QB  SEA,17.0,21.0,14.0,154.0,9.1,1.0,1.0,84.2,4.0,16.0,4.0,0.0,0.0,13.9,0.8,,,,,,,,,,,,,,,,,,,,,,,,,,,,,,,samhowell,Sam Howell,Sam,Howell,QB,SEA,Sam Howell,QB,
Marcus Mariota QB  WAS,17.0,22.0,14.0,144.0,8.5,1.0,1.0,78.6,4.0,16.0,4.0,0.0,0.0,13.5,0.8,,,,,,,,,,,,,,,,,,,,,,,,,,,,,,,marcusmariota,Marcus Mariota,Marcus,Mariota,QB,WAS,Marcus Mariota,QB,
Desmond Ridder QB  ARI,17.0,23.0,15.0,144.0,8.5,1.0,1.0,78.9,4.0,20.0,5.0,0.0,1.0,12.5,0.7,,,,,,,,,,,,,,,,,,,,,,,,,,,,,,,desmondridder,Desmond Ridder,Desmond,Ridder,QB,ARI,Desmond Ridder,QB,
Christian McCaffrey RB  SF,17.0,261.0,,1260.0,36.1,11.0,,,,614.0,4.8,7.0,2.0,362.0,21.3,89.0,71.0,8.7,,,,,,,,,,,,,,,,,,,,,,,,,,,,christianmccaffrey,Christian McCaffrey,Christian,McCaffrey,RB,SF,Christian McCaffrey,RB,
Breece Hall RB  NYJ,17.0,217.0,,932.0,38.0,9.0,,,,646.0,4.3,8.0,1.0,331.4,19.5,95.0,75.0,8.6,,,,,,,,,,,,,,,,,,,,,,,,,,,,breecehall,Breece Hall,Breece,Hall,RB,NYJ,Breece Hall,RB,
Saquon Barkley RB  PHI,17.0,282.0,,1217.0,23.5,14.0,,,,400.0,4.3,6.0,2.0,328.8,19.3,76.0,53.0,7.6,,,,,,,,,,,,,,,,,,,,,,,,,,,,saquonbarkley,Saquon Barkley,Saquon,Barkley,RB,PHI,Saquon Barkley,RB,
Bijan Robinson RB  ATL,17.0,228.0,,1111.0,35.5,6.0,,,,604.0,4.9,8.0,3.0,317.0,18.6,102.0,69.0,8.8,,,,,,,,,,,,,,,,,,,,,,,,,,,,bijanrobinson,Bijan Robinson,Bijan,Robinson,RB,ATL,Bijan Robinson,RB,
Jonathan Taylor RB  IND,17.0,304.0,,1386.0,15.9,12.0,,,,271.0,4.6,2.0,1.0,279.2,16.4,43.0,34.0,8.0,,,,,,,,,,,,,,,,,,,,,,,,,,,,jonathantaylor,Jonathan Taylor,Jonathan,Taylor,RB,IND,Jonathan Taylor,RB,
James Cook RB  BUF,17.0,279.0,,1289.0,22.9,6.0,,,,390.0,4.6,4.0,2.0,263.9,15.5,53.0,43.0,9.1,,,,,,,,,,,,,,,,,,,,,,,,,,,,jamescook,James Cook,James,Cook,RB,BUF,James Cook,RB,
Kyren Williams RB  LAR,17.0,262.0,,1206.0,13.6,12.0,,,,231.0,4.6,3.0,2.0,262.1,15.4,52.0,35.0,6.6,,,,,,,,,,,,,,,,,,,,,,,,,,,,kyrenwilliams,Kyren Williams,Kyren,Williams,RB,LAR,Kyren Williams,RB,
Jahmyr Gibbs RB  DET,17.0,197.0,,950.0,24.8,10.0,,,,422.0,4.8,1.0,2.0,259.3,15.3,86.0,63.0,6.7,,,,,,,,,,,,,,,,,,,,,,,,,,,,jahmyrgibbs,Jahmyr Gibbs,Jahmyr,Gibbs,RB,DET,Jahmyr Gibbs,RB,
Travis Etienne RB  JAC,17.0,246.0,,905.0,24.4,11.0,,,,415.0,3.7,1.0,1.0,250.9,14.8,63.0,50.0,8.3,,,,,,,,,,,,,,,,,,,,,,,,,,,,travisetienne,Travis Etienne,Travis,Etienne,RB,JAC,Travis Etienne,RB,
Joe Mixon RB  HOU,17.0,257.0,,927.0,21.3,10.0,,,,362.0,3.6,3.0,1.0,246.5,14.5,52.0,43.0,8.4,,,,,,,,,,,,,,,,,,,,,,,,,,,,joemixon,Joe Mixon,Joe,Mixon,RB,HOU,Joe Mixon,RB,
Derrick Henry RB  BAL,17.0,264.0,,1299.0,13.4,12.0,,,,228.0,4.9,0.0,1.0,246.3,14.5,32.0,25.0,9.1,,,,,,,,,,,,,,,,,,,,,,,,,,,,derrickhenry,Derrick Henry,Derrick,Henry,RB,BAL,Derrick Henry,RB,
Rachaad White RB  TB,17.0,223.0,,865.0,26.2,8.0,,,,446.0,3.9,3.0,2.0,245.2,14.4,61.0,54.0,8.3,,,,,,,,,,,,,,,,,,,,,,,,,,,,rachaadwhite,Rachaad White,Rachaad,White,RB,TB,Rachaad White,RB,
Alvin Kamara RB  NO,17.0,189.0,,718.0,30.9,6.0,,,,526.0,3.8,2.0,1.0,243.4,14.3,91.0,75.0,7.0,,,,,,,,,,,,,,,,,,,,,,,,,,,,alvinkamara,Alvin Kamara,Alvin,Kamara,RB,NO,Alvin Kamara,RB,
Isiah Pacheco RB  KC,17.0,231.0,,1018.0,15.1,11.0,,,,257.0,4.4,2.0,2.0,242.8,14.3,47.0,43.0,6.0,,,,,,,,,,,,,,,,,,,,,,,,,,,,isiahpacheco,Isiah Pacheco,Isiah,Pacheco,RB,KC,Isiah Pacheco,RB,
De'Von Achane RB  MIA,17.0,144.0,,903.0,17.5,9.0,,,,298.0,6.3,5.0,1.0,242.0,14.2,58.0,41.0,7.3,,,,,,,,,,,,,,,,,,,,,,,,,,,,de'vonachane,De'Von Achane,De'Von,Achane,RB,MIA,,,
Josh Jacobs RB  GB,17.0,275.0,,1121.0,16.7,11.0,,,,284.0,4.1,0.0,1.0,235.7,13.9,46.0,34.0,8.4,,,,,,,,,,,,,,,,,,,,,,,,,,,,joshjacobs,Josh Jacobs,Josh,Jacobs,RB,GB,Josh Jacobs,RB,
James Conner RB  ARI,17.0,214.0,,962.0,14.6,8.0,,,,249.0,4.5,3.0,1.0,220.0,12.9,45.0,37.0,6.7,,,,,,,,,,,,,,,,,,,,,,,,,,,,jamesconner,James Conner,James,Conner,RB,ARI,James Conner,RB,
Kenneth Walker III RB  SEA,17.0,220.0,,858.0,14.4,12.0,,,,244.0,3.9,1.0,1.0,213.8,12.6,37.0,29.0,8.4,,,,,,,,,,,,,,,,,,,,,,,,,,,,kennethwalker,Kenneth Walker,Kenneth,Walker,III,RB,Kenneth Walker,WR,
Kenneth Walker III RB  SEA,17.0,220.0,,858.0,14.4,12.0,,,,244.0,3.9,1.0,1.0,213.8,12.6,37.0,29.0,8.4,,,,,,,,,,,,,,,,,,,,,,,,,,,,kennethwalker,Kenneth Walker,Kenneth,Walker,III,RB,Kenneth Walker,RB,
Zamir White RB  LV,17.0,261.0,,1233.0,13.4,5.0,,,,228.0,4.7,0.0,2.0,203.5,12.0,42.0,33.0,6.9,,,,,,,,,,,,,,,,,,,,,,,,,,,,zamirwhite,Zamir White,Zamir,White,RB,LV,Zamir White,RB,
Rhamondre Stevenson RB  NE,17.0,213.0,,825.0,18.8,6.0,,,,320.0,3.9,0.0,1.0,196.2,11.5,66.0,50.0,6.4,,,,,,,,,,,,,,,,,,,,,,,,,,,,rhamondrestevenson,Rhamondre Stevenson,Rhamondre,Stevenson,RB,NE,Rhamondre Stevenson,RB,
Aaron Jones RB  MIN,17.0,168.0,,724.0,21.3,5.0,,,,362.0,4.3,2.0,1.0,196.1,11.5,68.0,49.0,7.4,,,,,,,,,,,,,,,,,,,,,,,,,,,,aaronjones,Aaron Jones,Aaron,Jones,RB,MIN,Aaron Jones,RB,
David Montgomery RB  DET,17.0,230.0,,965.0,10.8,10.0,,,,183.0,4.2,0.0,1.0,194.2,11.4,32.0,24.0,7.6,,,,,,,,,,,,,,,,,,,,,,,,,,,,davidmontgomery,David Montgomery,David,Montgomery,RB,DET,David Montgomery,RB,
Najee Harris RB  PIT,17.0,240.0,,970.0,10.8,8.0,,,,183.0,4.0,1.0,1.0,193.9,11.4,37.0,28.0,6.5,,,,,,,,,,,,,,,,,,,,,,,,,,,,najeeharris,Najee Harris,Najee,Harris,RB,PIT,Najee Harris,RB,
D'Andre Swift RB  CHI,17.0,197.0,,919.0,15.1,4.0,,,,257.0,4.7,2.0,1.0,191.3,11.3,50.0,40.0,6.4,,,,,,,,,,,,,,,,,,,,,,,,,,,,d'andreswift,D'Andre Swift,D'Andre,Swift,RB,CHI,,,
Zack Moss RB  CIN,17.0,172.0,,753.0,14.9,6.0,,,,254.0,4.4,3.0,1.0,187.6,11.0,50.0,37.0,6.9,,,,,,,,,,,,,,,,,,,,,,,,,,,,zackmoss,Zack Moss,Zack,Moss,RB,CIN,Zack Moss,RB,
Raheem Mostert RB  MIA,17.0,176.0,,822.0,6.4,11.0,,,,108.0,4.7,2.0,1.0,185.2,10.9,22.0,17.0,6.4,,,,,,,,,,,,,,,,,,,,,,,,,,,,raheemmostert,Raheem Mostert,Raheem,Mostert,RB,MIA,Raheem Mostert,RB,
Brian Robinson Jr. RB  WAS,17.0,175.0,,716.0,17.2,6.0,,,,292.0,4.1,4.0,2.0,184.3,10.8,34.0,28.0,10.4,,,,,,,,,,,,,,,,,,,,,,,,,,,,brianrobinson,Brian Robinson,Brian,Robinson,Jr.,RB,Brian Robinson,RB,
Tony Pollard RB  TEN,17.0,234.0,,940.0,11.3,7.0,,,,192.0,4.0,0.0,1.0,181.2,10.7,35.0,29.0,6.6,,,,,,,,,,,,,,,,,,,,,,,,,,,,tonypollard,Tony Pollard,Tony,Pollard,RB,TEN,Tony Pollard,RB,
Jaylen Warren RB  PIT,17.0,135.0,,713.0,19.9,4.0,,,,338.0,5.3,1.0,2.0,179.0,10.5,62.0,51.0,6.6,,,,,,,,,,,,,,,,,,,,,,,,,,,,jaylenwarren,Jaylen Warren,Jaylen,Warren,RB,PIT,Jaylen Warren,RB,
Nick Chubb RB  CLE,17.0,192.0,,866.0,15.5,5.0,,,,263.0,4.5,1.0,1.0,177.5,10.4,40.0,33.0,8.0,,,,,,,,,,,,,,,,,,,,,,,,,,,,nickchubb,Nick Chubb,Nick,Chubb,RB,CLE,Nick Chubb,RB,
Javonte Williams RB  DEN,17.0,204.0,,797.0,13.4,4.0,,,,227.0,3.9,2.0,1.0,177.3,10.4,54.0,43.0,5.3,,,,,,,,,,,,,,,,,,,,,,,,,,,,javontewilliams,Javonte Williams,Javonte,Williams,RB,DEN,Javonte Williams,RB,
Austin Ekeler RB  WAS,17.0,132.0,,560.0,19.2,7.0,,,,326.0,4.2,2.0,3.0,173.7,10.2,53.0,39.0,8.4,,,,,,,,,,,,,,,,,,,,,,,,,,,,austinekeler,Austin Ekeler,Austin,Ekeler,RB,WAS,Austin Ekeler,RB,
J.K. Dobbins RB  LAC,17.0,137.0,,557.0,15.9,6.0,,,,270.0,4.1,4.0,1.0,170.9,10.1,43.0,33.0,8.2,,,,,,,,,,,,,,,,,,,,,,,,,,,,j.k.dobbins,J.K. Dobbins,J.K.,Dobbins,RB,LAC,,,
Chase Brown RB  CIN,17.0,133.0,,626.0,23.6,3.0,,,,401.0,4.7,3.0,1.0,169.3,10.0,38.0,35.0,11.5,,,,,,,,,,,,,,,,,,,,,,,,,,,,chasebrown,Chase Brown,Chase,Brown,RB,CIN,Chase Brown,RB,
Jerome Ford RB  CLE,17.0,147.0,,611.0,15.6,3.0,,,,266.0,4.2,5.0,1.0,168.0,9.9,51.0,37.0,7.2,,,,,,,,,,,,,,,,,,,,,,,,,,,,jeromeford,Jerome Ford,Jerome,Ford,RB,CLE,Jerome Ford,RB,
Devin Singletary RB  NYG,17.0,199.0,,879.0,9.8,5.0,,,,167.0,4.4,0.0,1.0,160.0,9.4,39.0,30.0,5.6,,,,,,,,,,,,,,,,,,,,,,,,,,,,devinsingletary,Devin Singletary,Devin,Singletary,RB,NYG,Devin Singletary,RB,
Tyjae Spears RB  TEN,17.0,140.0,,601.0,18.9,3.0,,,,321.0,4.3,1.0,1.0,154.1,9.1,57.0,42.0,7.6,,,,,,,,,,,,,,,,,,,,,,,,,,,,tyjaespears,Tyjae Spears,Tyjae,Spears,RB,TEN,Tyjae Spears,RB,
Rico Dowdle RB  DAL,17.0,191.0,,720.0,11.2,5.0,,,,191.0,3.8,2.0,1.0,152.1,8.9,29.0,22.0,8.7,,,,,,,,,,,,,,,,,,,,,,,,,,,,ricodowdle,Rico Dowdle,Rico,Dowdle,RB,DAL,Rico Dowdle,RB,
Gus Edwards RB  LAC,17.0,174.0,,629.0,10.9,10.0,,,,185.0,3.6,0.0,2.0,150.9,8.9,17.0,15.0,12.3,,,,,,,,,,,,,,,,,,,,,,,,,,,,gusedwards,Gus Edwards,Gus,Edwards,RB,LAC,Gus Edwards,RB,
Antonio Gibson RB  NE,17.0,106.0,,378.0,23.2,2.0,,,,395.0,3.6,2.0,2.0,148.5,8.7,64.0,52.0,7.6,,,,,,,,,,,,,,,,,,,,,,,,,,,,antoniogibson,Antonio Gibson,Antonio,Gibson,RB,NE,Antonio Gibson,RB,
Jonathon Brooks RB  CAR,15.0,178.0,,710.0,11.5,5.0,,,,173.0,4.0,1.0,3.0,135.2,9.0,26.0,20.0,8.7,,,,,,,,,,,,,,,,,,,,,,,,,,,,jonathonbrooks,Jonathon Brooks,Jonathon,Brooks,RB,CAR,Jonathon Brooks,RB,
Trey Benson RB  ARI,17.0,156.0,,739.0,7.2,6.0,,,,122.0,4.7,1.0,3.0,135.2,8.0,19.0,14.0,8.7,,,,,,,,,,,,,,,,,,,,,,,,,,,,treybenson,Trey Benson,Trey,Benson,RB,ARI,Trey Benson,RB,
Blake Corum RB  LAR,17.0,158.0,,677.0,8.1,6.0,,,,138.0,4.3,1.0,3.0,129.0,7.6,17.0,13.0,10.6,,,,,,,,,,,,,,,,,,,,,,,,,,,,blakecorum,Blake Corum,Blake,Corum,RB,LAR,Blake Corum,RB,
Ezekiel Elliott RB  DAL,17.0,130.0,,455.0,11.4,4.0,,,,194.0,3.5,2.0,1.0,125.9,7.4,38.0,29.0,6.7,,,,,,,,,,,,,,,,,,,,,,,,,,,,ezekielelliott,Ezekiel Elliott,Ezekiel,Elliott,RB,DAL,Ezekiel Elliott,RB,
Ty Chandler RB  MIN,17.0,128.0,,555.0,9.8,6.0,,,,167.0,4.3,0.0,1.0,125.7,7.4,27.0,22.0,7.6,,,,,,,,,,,,,,,,,,,,,,,,,,,,tychandler,Ty Chandler,Ty,Chandler,RB,MIN,Ty Chandler,RB,
MarShawn Lloyd RB  GB,17.0,146.0,,597.0,7.7,6.0,,,,131.0,4.1,1.0,2.0,122.6,7.2,17.0,13.0,10.1,,,,,,,,,,,,,,,,,,,,,,,,,,,,marshawnlloyd,MarShawn Lloyd,MarShawn,Lloyd,RB,GB,MarShawn Lloyd,RB,
Tyler Allgeier RB  ATL,17.0,135.0,,548.0,10.8,4.0,,,,183.0,4.1,2.0,1.0,122.4,7.2,21.0,17.0,10.8,,,,,,,,,,,,,,,,,,,,,,,,,,,,tylerallgeier,Tyler Allgeier,Tyler,Allgeier,RB,ATL,Tyler Allgeier,RB,
Jaleel McLaughlin RB  DEN,17.0,103.0,,582.0,8.5,2.0,,,,144.0,5.7,2.0,1.0,120.5,7.1,32.0,27.0,5.3,,,,,,,,,,,,,,,,,,,,,,,,,,,,jaleelmclaughlin,Jaleel McLaughlin,Jaleel,McLaughlin,RB,DEN,Jaleel McLaughlin,RB,
Chuba Hubbard RB  CAR,17.0,148.0,,555.0,10.5,4.0,,,,179.0,3.8,0.0,1.0,120.4,7.1,31.0,27.0,6.6,,,,,,,,,,,,,,,,,,,,,,,,,,,,chubahubbard,Chuba Hubbard,Chuba,Hubbard,RB,CAR,Chuba Hubbard,RB,
Clyde Edwards-Helaire RB  KC,17.0,100.0,,383.0,16.2,2.0,,,,276.0,3.8,2.0,1.0,116.6,6.9,38.0,30.0,9.2,,,,,,,,,,,,,,,,,,,,,,,,,,,,clydeedwards-helaire,Clyde Edwards-Helaire,Clyde,Edwards-Helaire,RB,KC,,,
Khalil Herbert RB  CHI,17.0,132.0,,578.0,8.9,3.0,,,,151.0,4.4,1.0,1.0,116.5,6.9,34.0,23.0,6.6,,,,,,,,,,,,,,,,,,,,,,,,,,,,khalilherbert,Khalil Herbert,Khalil,Herbert,RB,CHI,Khalil Herbert,RB,
Kenneth Gainwell RB  PHI,17.0,115.0,,488.0,11.8,4.0,,,,201.0,4.2,0.0,2.0,115.3,6.8,37.0,29.0,6.9,,,,,,,,,,,,,,,,,,,,,,,,,,,,kennethgainwell,Kenneth Gainwell,Kenneth,Gainwell,RB,PHI,Kenneth Gainwell,RB,
Zach Charbonnet RB  SEA,17.0,124.0,,505.0,12.5,2.0,,,,212.0,4.1,0.0,1.0,113.7,6.7,41.0,34.0,6.2,,,,,,,,,,,,,,,,,,,,,,,,,,,,zachcharbonnet,Zach Charbonnet,Zach,Charbonnet,RB,SEA,Zach Charbonnet,RB,
Jaylen Wright RB  MIA,17.0,102.0,,478.0,10.6,5.0,,,,180.0,4.7,1.0,2.0,113.6,6.7,23.0,17.0,10.6,,,,,,,,,,,,,,,,,,,,,,,,,,,,jaylenwright,Jaylen Wright,Jaylen,Wright,RB,MIA,Jaylen Wright,RB,
Bucky Irving RB  TB,17.0,130.0,,477.0,11.8,4.0,,,,201.0,3.7,1.0,3.0,110.3,6.5,27.0,20.0,10.1,,,,,,,,,,,,,,,,,,,,,,,,,,,,buckyirving,Bucky Irving,Bucky,Irving,RB,TB,Bucky Irving,RB,
Ray Davis RB  BUF,17.0,103.0,,458.0,11.9,4.0,,,,203.0,4.5,1.0,2.0,109.9,6.5,27.0,21.0,9.7,,,,,,,,,,,,,,,,,,,,,,,,,,,,raydavis,Ray Davis,Ray,Davis,RB,BUF,Ray Davis,RB,
Roschon Johnson RB  CHI,17.0,93.0,,395.0,12.3,3.0,,,,209.0,4.3,0.0,1.0,108.5,6.4,39.0,33.0,6.3,,,,,,,,,,,,,,,,,,,,,,,,,,,,roschonjohnson,Roschon Johnson,Roschon,Johnson,RB,CHI,Roschon Johnson,RB,
Samaje Perine RB  DEN,17.0,78.0,,357.0,16.4,2.0,,,,279.0,4.6,1.0,3.0,107.9,6.3,38.0,33.0,8.5,,,,,,,,,,,,,,,,,,,,,,,,,,,,samajeperine,Samaje Perine,Samaje,Perine,RB,DEN,Samaje Perine,RB,
Tyrone Tracy Jr. RB  NYG,17.0,138.0,,584.0,7.2,4.0,,,,123.0,4.2,1.0,3.0,107.9,6.3,18.0,14.0,8.8,,,,,,,,,,,,,,,,,,,,,,,,,,,,tyronetracy,Tyrone Tracy,Tyrone,Tracy,Jr.,RB,Tyrone Tracy,RB,
Kendre Miller RB  NO,17.0,122.0,,452.0,10.9,4.0,,,,186.0,3.7,1.0,1.0,106.2,6.2,20.0,17.0,10.9,,,,,,,,,,,,,,,,,,,,,,,,,,,,kendremiller,Kendre Miller,Kendre,Miller,RB,NO,Kendre Miller,RB,
Miles Sanders RB  CAR,17.0,124.0,,461.0,10.1,2.0,,,,172.0,3.7,0.0,2.0,101.9,6.0,46.0,31.0,5.6,,,,,,,,,,,,,,,,,,,,,,,,,,,,milessanders,Miles Sanders,Miles,Sanders,RB,CAR,Miles Sanders,RB,
Braelon Allen RB  NYJ,17.0,126.0,,508.0,7.0,4.0,,,,119.0,4.0,1.0,2.0,100.4,5.9,17.0,13.0,9.2,,,,,,,,,,,,,,,,,,,,,,,,,,,,braelonallen,Braelon Allen,Braelon,Allen,RB,NYJ,Braelon Allen,RB,
Keaton Mitchell RB  BAL,12.0,97.0,,581.0,7.7,4.0,,,,92.0,6.0,0.0,1.0,91.8,7.7,11.0,9.0,10.2,,,,,,,,,,,,,,,,,,,,,,,,,,,,keatonmitchell,Keaton Mitchell,Keaton,Mitchell,RB,BAL,Keaton Mitchell,RB,
D'Onta Foreman RB  CLE,17.0,95.0,,389.0,6.9,3.0,,,,118.0,4.1,2.0,0.0,91.0,5.4,19.0,13.0,9.1,,,,,,,,,,,,,,,,,,,,,,,,,,,,d'ontaforeman,D'Onta Foreman,D'Onta,Foreman,RB,CLE,,,
Elijah Mitchell RB  SF,17.0,126.0,,502.0,3.3,4.0,,,,56.0,4.0,0.0,1.0,88.9,5.2,14.0,11.0,5.1,,,,,,,,,,,,,,,,,,,,,,,,,,,,elijahmitchell,Elijah Mitchell,Elijah,Mitchell,RB,SF,Elijah Mitchell,RB,
Alexander Mattison RB  LV,17.0,95.0,,353.0,7.5,2.0,,,,128.0,3.7,2.0,1.0,88.1,5.2,28.0,20.0,6.4,,,,,,,,,,,,,,,,,,,,,,,,,,,,alexandermattison,Alexander Mattison,Alexander,Mattison,RB,LV,Alexander Mattison,RB,
Justice Hill RB  BAL,17.0,104.0,,487.0,6.6,3.0,,,,112.0,4.7,0.0,2.0,87.2,5.1,21.0,15.0,7.5,,,,,,,,,,,,,,,,,,,,,,,,,,,,justicehill,Justice Hill,Justice,Hill,RB,BAL,Justice Hill,RB,
Carson Steele RB  KC,17.0,64.0,,279.0,12.6,2.0,,,,214.0,4.4,1.0,1.0,85.6,5.0,29.0,22.0,9.7,,,,,,,,,,,,,,,,,,,,,,,,,,,,carsonsteele,Carson Steele,Carson,Steele,RB,KC,Carson Steele,RB,
Jamaal Williams RB  NO,17.0,115.0,,367.0,4.4,3.0,,,,75.0,3.2,0.0,1.0,77.6,4.6,20.0,18.0,4.2,,,,,,,,,,,,,,,,,,,,,,,,,,,,jamaalwilliams,Jamaal Williams,Jamaal,Williams,RB,NO,Jamaal Williams,RB,
Chase Edmonds RB  TB,17.0,86.0,,322.0,8.2,2.0,,,,139.0,3.7,0.0,0.0,77.3,4.5,27.0,21.0,6.6,,,,,,,,,,,,,,,,,,,,,,,,,,,,chaseedmonds,Chase Edmonds,Chase,Edmonds,RB,TB,Chase Edmonds,RB,
Andrew Beck FB  HOU,17.0,5.0,,3.0,12.7,2.0,,,,216.0,0.6,4.0,3.0,76.7,4.5,32.0,23.0,9.4,,,,,,,,,,,,,,,,,,,,,,,,,,,,andrewbeck,Andrew Beck,Andrew,Beck,FB,HOU,Andrew Beck,RB,
AJ Dillon RB  GB,17.0,89.0,,305.0,10.6,2.0,,,,181.0,3.4,0.0,0.0,75.9,4.5,24.0,18.0,10.1,,,,,,,,,,,,,,,,,,,,,,,,,,,,ajdillon,AJ Dillon,AJ,Dillon,RB,GB,AJ Dillon,RB,
Emari Demercado RB  ARI,17.0,49.0,,212.0,8.0,2.0,,,,136.0,4.3,0.0,0.0,68.1,4.0,32.0,22.0,6.2,,,,,,,,,,,,,,,,,,,,,,,,,,,,emaridemercado,Emari Demercado,Emari,Demercado,RB,ARI,Emari Demercado,RB,
Audric Estime RB  DEN,17.0,83.0,,347.0,4.9,2.0,,,,84.0,4.2,1.0,1.0,66.9,3.9,12.0,9.0,9.3,,,,,,,,,,,,,,,,,,,,,,,,,,,,audricestime,Audric Estime,Audric,Estime,RB,DEN,Audric Estime,RB,
Kyle Juszczyk FB  SF,17.0,7.0,,21.0,15.8,0.0,,,,269.0,3.0,2.0,0.0,66.8,3.9,31.0,25.0,10.8,,,,,,,,,,,,,,,,,,,,,,,,,,,,kylejuszczyk,Kyle Juszczyk,Kyle,Juszczyk,FB,SF,Kyle Juszczyk,RB,
Tank Bigsby RB  JAC,17.0,122.0,,306.0,0.4,6.0,,,,6.0,2.5,0.0,6.0,58.9,3.5,2.0,1.0,6.0,,,,,,,,,,,,,,,,,,,,,,,,,,,,tankbigsby,Tank Bigsby,Tank,Bigsby,RB,JAC,Tank Bigsby,RB,
Dameon Pierce RB  HOU,17.0,70.0,,219.0,5.9,2.0,,,,100.0,3.1,0.0,0.0,54.6,3.2,17.0,13.0,7.7,,,,,,,,,,,,,,,,,,,,,,,,,,,,dameonpierce,Dameon Pierce,Dameon,Pierce,RB,HOU,Dameon Pierce,RB,
Ameer Abdullah RB  LV,17.0,47.0,,224.0,7.4,0.0,,,,125.0,4.8,0.0,0.0,51.2,3.0,22.0,17.0,7.4,,,,,,,,,,,,,,,,,,,,,,,,,,,,ameerabdullah,Ameer Abdullah,Ameer,Abdullah,RB,LV,Ameer Abdullah,RB,
Deuce Vaughn RB  DAL,17.0,58.0,,194.0,4.4,2.0,,,,74.0,3.3,0.0,1.0,45.6,2.7,10.0,9.0,8.2,,,,,,,,,,,,,,,,,,,,,,,,,,,,deucevaughn,Deuce Vaughn,Deuce,Vaughn,RB,DAL,Deuce Vaughn,RB,
Hunter Luepke RB  DAL,17.0,15.0,,48.0,3.2,4.0,,,,54.0,3.2,0.0,0.0,44.0,2.6,10.0,8.0,6.8,,,,,,,,,,,,,,,,,,,,,,,,,,,,hunterluepke,Hunter Luepke,Hunter,Luepke,RB,DAL,Hunter Luepke,RB,
Jeremy McNichols RB  WAS,17.0,26.0,,105.0,6.8,0.0,,,,115.0,4.0,1.0,0.0,41.2,2.4,18.0,14.0,8.2,,,,,,,,,,,,,,,,,,,,,,,,,,,,jeremymcnichols,Jeremy McNichols,Jeremy,McNichols,RB,WAS,Jeremy McNichols,RB,
Ronnie Rivers RB  LAR,17.0,52.0,,208.0,3.6,1.0,,,,62.0,4.0,0.0,0.0,41.0,2.4,8.0,8.0,7.8,,,,,,,,,,,,,,,,,,,,,,,,,,,,ronnierivers,Ronnie Rivers,Ronnie,Rivers,RB,LAR,Ronnie Rivers,RB,
Trey Sermon RB  IND,17.0,57.0,,274.0,0.5,1.0,,,,8.0,4.8,0.0,0.0,38.5,2.3,3.0,2.0,4.0,,,,,,,,,,,,,,,,,,,,,,,,,,,,treysermon,Trey Sermon,Trey,Sermon,RB,IND,Trey Sermon,RB,
Nyheim Hines RB  CLE,17.0,36.0,,118.0,5.9,1.0,,,,100.0,3.3,0.0,0.0,37.8,2.2,16.0,12.0,8.3,,,,,,,,,,,,,,,,,,,,,,,,,,,,nyheimhines,Nyheim Hines,Nyheim,Hines,RB,CLE,Nyheim Hines,RB,
Hassan Haskins RB  TEN,17.0,50.0,,165.0,4.2,0.0,,,,71.0,3.3,0.0,0.0,36.2,2.1,14.0,13.0,5.5,,,,,,,,,,,,,,,,,,,,,,,,,,,,hassanhaskins,Hassan Haskins,Hassan,Haskins,RB,TEN,Hassan Haskins,RB,
Rasheen Ali RB  BAL,17.0,36.0,,181.0,1.4,2.0,,,,23.0,5.0,0.0,0.0,35.3,2.1,3.0,2.0,11.5,,,,,,,,,,,,,,,,,,,,,,,,,,,,rasheenali,Rasheen Ali,Rasheen,Ali,RB,BAL,Rasheen Ali,RB,
Nick Bawden RB  HOU,17.0,6.0,,16.0,1.6,4.0,,,,28.0,2.7,0.0,0.0,34.6,2.0,3.0,3.0,9.3,,,,,,,,,,,,,,,,,,,,,,,,,,,,nickbawden,Nick Bawden,Nick,Bawden,RB,HOU,Nick Bawden,RB,
JaMycal Hasty RB  NE,17.0,27.0,,108.0,3.3,1.0,,,,56.0,4.0,0.0,0.0,32.2,1.9,15.0,9.0,6.2,,,,,,,,,,,,,,,,,,,,,,,,,,,,jamycalhasty,JaMycal Hasty,JaMycal,Hasty,RB,NE,JaMycal Hasty,RB,
Will Shipley RB  PHI,17.0,34.0,,145.0,1.5,2.0,,,,25.0,4.3,0.0,0.0,32.0,1.9,3.0,2.0,12.5,,,,,,,,,,,,,,,,,,,,,,,,,,,,willshipley,Will Shipley,Will,Shipley,RB,PHI,Will Shipley,RB,
Kendall Milton RB  PHI,17.0,34.0,,145.0,1.5,2.0,,,,25.0,4.3,0.0,0.0,32.0,1.9,3.0,2.0,12.5,,,,,,,,,,,,,,,,,,,,,,,,,,,,kendallmilton,Kendall Milton,Kendall,Milton,RB,PHI,Kendall Milton,RB,
Jordan Mason RB  SF,17.0,33.0,,163.0,0.3,2.0,,,,5.0,4.9,0.0,0.0,31.6,1.9,1.0,1.0,5.0,,,,,,,,,,,,,,,,,,,,,,,,,,,,jordanmason,Jordan Mason,Jordan,Mason,RB,SF,Jordan Mason,RB,
C.J. Ham FB  MIN,17.0,3.0,,16.0,4.2,1.0,,,,71.0,5.3,0.0,0.0,30.2,1.8,16.0,13.0,5.5,,,,,,,,,,,,,,,,,,,,,,,,,,,,c.j.ham,C.J. Ham,C.J.,Ham,FB,MIN,,,
Pierre Strong Jr. RB  CLE,17.0,36.0,,188.0,0.5,1.0,,,,8.0,5.2,0.0,0.0,29.0,1.7,1.0,1.0,8.0,,,,,,,,,,,,,,,,,,,,,,,,,,,,pierrestrong,Pierre Strong,Pierre,Strong,Jr.,RB,Pierre Strong,RB,
Michael Carter RB  ARI,17.0,29.0,,136.0,1.7,1.0,,,,29.0,4.7,0.0,0.0,29.0,1.7,7.0,5.0,5.8,,,,,,,,,,,,,,,,,,,,,,,,,,,,michaelcarter,Michael Carter,Michael,Carter,RB,ARI,Michael Carter,RB,
Isaiah Spiller RB  LAC,17.0,50.0,,147.0,1.2,1.0,,,,20.0,2.9,0.0,0.0,28.0,1.6,5.0,4.0,5.0,,,,,,,,,,,,,,,,,,,,,,,,,,,,isaiahspiller,Isaiah Spiller,Isaiah,Spiller,RB,LAC,Isaiah Spiller,RB,
Matt Breida RB  SF,17.0,33.0,,106.0,2.3,1.0,,,,39.0,3.2,0.0,0.0,27.0,1.6,6.0,5.0,7.8,,,,,,,,,,,,,,,,,,,,,,,,,,,,mattbreida,Matt Breida,Matt,Breida,RB,SF,Matt Breida,RB,
Cordarrelle Patterson RB  PIT,17.0,33.0,,139.0,1.4,1.0,,,,23.0,4.2,0.0,0.0,27.0,1.6,4.0,3.0,7.7,,,,,,,,,,,,,,,,,,,,,,,,,,,,cordarrellepatterson,Cordarrelle Patterson,Cordarrelle,Patterson,RB,PIT,Cordarrelle Patterson,RB,
Jeff Wilson RB  MIA,17.0,29.0,,144.0,1.2,1.0,,,,21.0,5.0,0.0,0.0,27.0,1.6,4.0,3.0,7.0,,,,,,,,,,,,,,,,,,,,,,,,,,,,jeffwilson,Jeff Wilson,Jeff,Wilson,RB,MIA,Jeff Wilson,RB,
Tyler Goodson RB  IND,17.0,25.0,,127.0,1.6,1.0,,,,28.0,5.1,0.0,0.0,26.4,1.6,5.0,4.0,7.0,,,,,,,,,,,,,,,,,,,,,,,,,,,,tylergoodson,Tyler Goodson,Tyler,Goodson,RB,IND,Tyler Goodson,RB,
Raheem Blackshear RB  CAR,17.0,27.0,,84.0,2.9,1.0,,,,50.0,3.1,0.0,0.0,26.3,1.5,8.0,7.0,7.1,,,,,,,,,,,,,,,,,,,,,,,,,,,,raheemblackshear,Raheem Blackshear,Raheem,Blackshear,RB,CAR,Raheem Blackshear,RB,
CeeDee Lamb WR  DAL,17.0,12.0,,1590.0,93.5,10.0,,,,82.0,13.3,1.0,1.0,350.0,20.6,168.0,120.0,6.8,,,,,,,,,,,,,,,,,,,,,,,,,,,,ceedeelamb,CeeDee Lamb,CeeDee,Lamb,WR,DAL,CeeDee Lamb,WR,
Tyreek Hill WR  MIA,17.0,6.0,,1526.0,89.8,11.0,,,,24.0,14.3,0.0,1.0,326.6,19.2,153.0,107.0,4.0,,,,,,,,,,,,,,,,,,,,,,,,,,,,tyreekhill,Tyreek Hill,Tyreek,Hill,WR,MIA,Tyreek Hill,WR,
Amon-Ra St. Brown WR  DET,17.0,5.0,,1414.0,83.2,10.0,,,,34.0,12.6,0.0,1.0,316.5,18.6,156.0,112.0,6.8,,,,,,,,,,,,,,,,,,,,,,,,,,,,amon-rast.,Amon-Ra St.,Amon-Ra,St.,Brown,WR,,,
Puka Nacua WR  LAR,17.0,11.0,,1448.0,85.2,7.0,,,,73.0,14.5,0.0,0.0,294.4,17.3,148.0,100.0,6.6,,,,,,,,,,,,,,,,,,,,,,,,,,,,pukanacua,Puka Nacua,Puka,Nacua,WR,LAR,Puka Nacua,WR,
Ja'Marr Chase WR  CIN,17.0,4.0,,1302.0,76.6,10.0,,,,4.0,13.2,0.0,0.0,291.5,17.1,145.0,99.0,1.0,,,,,,,,,,,,,,,,,,,,,,,,,,,,ja'marrchase,Ja'Marr Chase,Ja'Marr,Chase,WR,CIN,,,
Justin Jefferson WR  MIN,17.0,3.0,,1518.0,89.3,6.0,,,,-3.0,14.7,0.0,1.0,288.3,17.0,151.0,103.0,-1.0,,,,,,,,,,,,,,,,,,,,,,,,,,,,justinjefferson,Justin Jefferson,Justin,Jefferson,WR,MIN,Justin Jefferson,WR,
A.J. Brown WR  PHI,17.0,0.0,,1365.0,80.3,9.0,,,,1.0,14.8,0.0,2.0,281.3,16.5,140.0,92.0,0.0,,,,,,,,,,,,,,,,,,,,,,,,,,,,a.j.brown,A.J. Brown,A.J.,Brown,WR,PHI,,,
Marvin Harrison Jr. WR  ARI,17.0,2.0,,1299.0,76.4,8.0,,,,11.0,13.7,0.0,3.0,269.5,15.9,153.0,95.0,5.5,,,,,,,,,,,,,,,,,,,,,,,,,,,,marvinharrison,Marvin Harrison,Marvin,Harrison,Jr.,WR,Marvin Harrison,WR,
Garrett Wilson WR  NYJ,17.0,4.0,,1190.0,70.0,7.0,,,,1.0,12.0,0.0,2.0,259.3,15.3,175.0,99.0,0.3,,,,,,,,,,,,,,,,,,,,,,,,,,,,garrettwilson,Garrett Wilson,Garrett,Wilson,WR,NYJ,Garrett Wilson,WR,
Nico Collins WR  HOU,17.0,1.0,,1231.0,72.4,9.0,,,,8.0,16.4,0.0,0.0,254.7,15.0,108.0,75.0,8.0,,,,,,,,,,,,,,,,,,,,,,,,,,,,nicocollins,Nico Collins,Nico,Collins,WR,HOU,Nico Collins,WR,
Davante Adams WR  LV,17.0,0.0,,1121.0,65.9,8.0,,,,0.0,12.2,0.0,0.0,250.5,14.7,153.0,92.0,0.0,,,,,,,,,,,,,,,,,,,,,,,,,,,,davanteadams,Davante Adams,Davante,Adams,WR,LV,Davante Adams,WR,
Cooper Kupp WR  LAR,17.0,3.0,,1103.0,64.9,8.0,,,,10.0,12.3,0.0,0.0,250.1,14.7,133.0,90.0,3.3,,,,,,,,,,,,,,,,,,,,,,,,,,,,cooperkupp,Cooper Kupp,Cooper,Kupp,WR,LAR,Cooper Kupp,WR,
Chris Olave WR  NO,17.0,0.0,,1187.0,69.8,7.0,,,,0.0,13.3,0.0,0.0,248.3,14.6,142.0,89.0,0.0,,,,,,,,,,,,,,,,,,,,,,,,,,,,chrisolave,Chris Olave,Chris,Olave,WR,NO,Chris Olave,WR,
DeVonta Smith WR  PHI,17.0,0.0,,1127.0,66.3,9.0,,,,0.0,14.1,0.0,1.0,244.2,14.4,114.0,80.0,0.0,,,,,,,,,,,,,,,,,,,,,,,,,,,,devontasmith,DeVonta Smith,DeVonta,Smith,WR,PHI,DeVonta Smith,WR,
Mike Evans WR  TB,17.0,0.0,,1108.0,65.2,10.0,,,,1.0,15.8,0.0,0.0,243.8,14.3,117.0,70.0,0.0,,,,,,,,,,,,,,,,,,,,,,,,,,,,mikeevans,Mike Evans,Mike,Evans,WR,TB,Mike Evans,WR,
Deebo Samuel WR  SF,17.0,43.0,,985.0,57.9,6.0,,,,223.0,14.9,4.0,1.0,243.0,14.3,101.0,66.0,5.2,,,,,,,,,,,,,,,,,,,,,,,,,,,,deebosamuel,Deebo Samuel,Deebo,Samuel,WR,SF,Deebo Samuel,WR,
Drake London WR  ATL,17.0,0.0,,1211.0,71.2,6.0,,,,0.0,14.3,0.0,1.0,239.7,14.1,136.0,85.0,0.0,,,,,,,,,,,,,,,,,,,,,,,,,,,,drakelondon,Drake London,Drake,London,WR,ATL,Drake London,WR,
Brandon Aiyuk WR  SF,17.0,1.0,,1201.0,70.6,8.0,,,,4.0,17.2,0.0,1.0,238.3,14.0,105.0,70.0,4.0,,,,,,,,,,,,,,,,,,,,,,,,,,,,brandonaiyuk,Brandon Aiyuk,Brandon,Aiyuk,WR,SF,Brandon Aiyuk,WR,
Amari Cooper WR  CLE,17.0,0.0,,1245.0,73.2,7.0,,,,0.0,17.1,0.0,1.0,237.1,13.9,124.0,73.0,0.0,,,,,,,,,,,,,,,,,,,,,,,,,,,,amaricooper,Amari Cooper,Amari,Cooper,WR,CLE,Amari Cooper,WR,
Michael Pittman WR  IND,17.0,1.0,,1074.0,63.2,5.0,,,,10.0,11.2,0.0,1.0,234.4,13.8,137.0,96.0,10.0,,,,,,,,,,,,,,,,,,,,,,,,,,,,michaelpittman,Michael Pittman,Michael,Pittman,WR,IND,Michael Pittman,WR,
DK Metcalf WR  SEA,17.0,0.0,,1023.0,60.2,10.0,,,,1.0,15.3,0.0,0.0,232.3,13.7,118.0,67.0,0.0,,,,,,,,,,,,,,,,,,,,,,,,,,,,dkmetcalf,DK Metcalf,DK,Metcalf,WR,SEA,DK Metcalf,WR,
DJ Moore WR  CHI,17.0,5.0,,998.0,58.7,9.0,,,,25.0,14.5,1.0,1.0,229.9,13.5,104.0,69.0,5.0,,,,,,,,,,,,,,,,,,,,,,,,,,,,djmoore,DJ Moore,DJ,Moore,WR,CHI,DJ Moore,WR,
Stefon Diggs WR  HOU,17.0,1.0,,1036.0,60.9,7.0,,,,4.0,12.6,0.0,1.0,227.3,13.4,125.0,82.0,4.0,,,,,,,,,,,,,,,,,,,,,,,,,,,,stefondiggs,Stefon Diggs,Stefon,Diggs,WR,HOU,Stefon Diggs,WR,
George Pickens WR  PIT,17.0,3.0,,1153.0,67.8,8.0,,,,27.0,18.3,0.0,1.0,227.2,13.4,108.0,63.0,9.0,,,,,,,,,,,,,,,,,,,,,,,,,,,,georgepickens,George Pickens,George,Pickens,WR,PIT,George Pickens,WR,
Jaylen Waddle WR  MIA,17.0,4.0,,1084.0,63.8,6.0,,,,22.0,14.3,0.0,0.0,223.4,13.1,112.0,76.0,5.5,,,,,,,,,,,,,,,,,,,,,,,,,,,,jaylenwaddle,Jaylen Waddle,Jaylen,Waddle,WR,MIA,Jaylen Waddle,WR,
Zay Flowers WR  BAL,17.0,9.0,,958.0,56.4,7.0,,,,51.0,13.0,1.0,1.0,221.8,13.0,105.0,74.0,5.7,,,,,,,,,,,,,,,,,,,,,,,,,,,,zayflowers,Zay Flowers,Zay,Flowers,WR,BAL,Zay Flowers,WR,
Tank Dell WR  HOU,17.0,14.0,,909.0,53.5,10.0,,,,61.0,14.4,0.0,0.0,219.7,12.9,100.0,63.0,4.4,,,,,,,,,,,,,,,,,,,,,,,,,,,,tankdell,Tank Dell,Tank,Dell,WR,HOU,Tank Dell,WR,
Tee Higgins WR  CIN,17.0,0.0,,982.0,57.8,9.0,,,,0.0,15.1,0.0,0.0,215.9,12.7,108.0,65.0,0.0,,,,,,,,,,,,,,,,,,,,,,,,,,,,teehiggins,Tee Higgins,Tee,Higgins,WR,CIN,Tee Higgins,WR,
Terry McLaurin WR  WAS,17.0,1.0,,1025.0,60.3,5.0,,,,5.0,13.5,0.0,0.0,211.3,12.4,124.0,76.0,5.0,,,,,,,,,,,,,,,,,,,,,,,,,,,,terrymclaurin,Terry McLaurin,Terry,McLaurin,WR,WAS,Terry McLaurin,WR,
Calvin Ridley WR  TEN,17.0,8.0,,901.0,53.0,9.0,,,,21.0,14.5,0.0,0.0,210.4,12.4,110.0,62.0,2.6,,,,,,,,,,,,,,,,,,,,,,,,,,,,calvinridley,Calvin Ridley,Calvin,Ridley,WR,TEN,Calvin Ridley,WR,
Chris Godwin WR  TB,17.0,3.0,,922.0,54.2,5.0,,,,27.0,11.8,1.0,0.0,210.1,12.4,117.0,78.0,9.0,,,,,,,,,,,,,,,,,,,,,,,,,,,,chrisgodwin,Chris Godwin,Chris,Godwin,WR,TB,Chris Godwin,WR,
Malik Nabers WR  NYG,17.0,2.0,,1051.0,61.8,6.0,,,,10.0,15.0,0.0,2.0,209.0,12.3,114.0,70.0,5.0,,,,,,,,,,,,,,,,,,,,,,,,,,,,maliknabers,Malik Nabers,Malik,Nabers,WR,NYG,Malik Nabers,WR,
Jayden Reed WR  GB,17.0,10.0,,732.0,43.1,8.0,,,,105.0,12.6,3.0,0.0,207.7,12.2,87.0,58.0,10.5,,,,,,,,,,,,,,,,,,,,,,,,,,,,jaydenreed,Jayden Reed,Jayden,Reed,WR,GB,Jayden Reed,WR,
Christian Kirk WR  JAC,17.0,2.0,,983.0,57.8,6.0,,,,9.0,13.1,0.0,2.0,207.2,12.2,112.0,75.0,4.5,,,,,,,,,,,,,,,,,,,,,,,,,,,,christiankirk,Christian Kirk,Christian,Kirk,WR,JAC,Christian Kirk,WR,
Rashee Rice WR  KC,17.0,2.0,,895.0,52.6,7.0,,,,2.0,12.1,0.0,1.0,205.7,12.1,95.0,74.0,1.0,,,,,,,,,,,,,,,,,,,,,,,,,,,,rasheerice,Rashee Rice,Rashee,Rice,WR,KC,Rashee Rice,WR,
DeAndre Hopkins WR  TEN,17.0,1.0,,858.0,50.5,9.0,,,,6.0,14.3,0.0,0.0,202.3,11.9,105.0,60.0,6.0,,,,,,,,,,,,,,,,,,,,,,,,,,,,deandrehopkins,DeAndre Hopkins,DeAndre,Hopkins,WR,TEN,DeAndre Hopkins,WR,
Diontae Johnson WR  CAR,17.0,2.0,,794.0,46.7,8.0,,,,10.0,12.4,0.0,0.0,193.5,11.4,108.0,64.0,5.0,,,,,,,,,,,,,,,,,,,,,,,,,,,,diontaejohnson,Diontae Johnson,Diontae,Johnson,WR,CAR,Diontae Johnson,WR,
Marquise Brown WR  KC,17.0,2.0,,784.0,46.1,8.0,,,,19.0,12.4,0.0,0.0,193.5,11.4,116.0,63.0,9.5,,,,,,,,,,,,,,,,,,,,,,,,,,,,marquisebrown,Marquise Brown,Marquise,Brown,WR,KC,,,
Keenan Allen WR  CHI,17.0,2.0,,834.0,49.1,6.0,,,,8.0,11.8,0.0,1.0,191.6,11.3,100.0,71.0,4.0,,,,,,,,,,,,,,,,,,,,,,,,,,,,keenanallen,Keenan Allen,Keenan,Allen,WR,CHI,Keenan Allen,WR,
Christian Watson WR  GB,17.0,6.0,,735.0,43.2,10.0,,,,27.0,15.3,1.0,0.0,191.4,11.3,87.0,48.0,4.5,,,,,,,,,,,,,,,,,,,,,,,,,,,,christianwatson,Christian Watson,Christian,Watson,WR,GB,Christian Watson,WR,
Courtland Sutton WR  DEN,17.0,0.0,,764.0,44.9,9.0,,,,1.0,13.6,0.0,2.0,184.1,10.8,88.0,56.0,0.0,,,,,,,,,,,,,,,,,,,,,,,,,,,,courtlandsutton,Courtland Sutton,Courtland,Sutton,WR,DEN,Courtland Sutton,WR,
Keon Coleman WR  BUF,17.0,3.0,,890.0,52.4,5.0,,,,14.0,13.5,0.0,2.0,183.7,10.8,106.0,66.0,4.7,,,,,,,,,,,,,,,,,,,,,,,,,,,,keoncoleman,Keon Coleman,Keon,Coleman,WR,BUF,Keon Coleman,WR,
Xavier Worthy WR  KC,17.0,2.0,,929.0,54.6,6.0,,,,11.0,16.6,0.0,2.0,183.1,10.8,90.0,56.0,5.5,,,,,,,,,,,,,,,,,,,,,,,,,,,,xavierworthy,Xavier Worthy,Xavier,Worthy,WR,KC,Xavier Worthy,WR,
Jerry Jeudy WR  CLE,17.0,1.0,,918.0,54.0,4.0,,,,8.0,14.6,0.0,0.0,182.1,10.7,100.0,63.0,8.0,,,,,,,,,,,,,,,,,,,,,,,,,,,,jerryjeudy,Jerry Jeudy,Jerry,Jeudy,WR,CLE,Jerry Jeudy,WR,
Jakobi Meyers WR  LV,17.0,3.0,,712.0,41.9,7.0,,,,16.0,11.7,1.0,0.0,182.0,10.7,90.0,61.0,5.3,,,,,,,,,,,,,,,,,,,,,,,,,,,,jakobimeyers,Jakobi Meyers,Jakobi,Meyers,WR,LV,Jakobi Meyers,WR,
Tyler Lockett WR  SEA,17.0,0.0,,781.0,45.9,6.0,,,,1.0,11.8,0.0,0.0,181.8,10.7,99.0,66.0,0.0,,,,,,,,,,,,,,,,,,,,,,,,,,,,tylerlockett,Tyler Lockett,Tyler,Lockett,WR,SEA,Tyler Lockett,WR,
Ladd McConkey WR  LAC,17.0,2.0,,877.0,51.6,5.0,,,,9.0,13.1,0.0,3.0,181.0,10.6,109.0,67.0,4.5,,,,,,,,,,,,,,,,,,,,,,,,,,,,laddmcconkey,Ladd McConkey,Ladd,McConkey,WR,LAC,Ladd McConkey,WR,
Romeo Doubs WR  GB,17.0,0.0,,742.0,43.6,8.0,,,,1.0,13.3,0.0,0.0,180.4,10.6,87.0,56.0,0.0,,,,,,,,,,,,,,,,,,,,,,,,,,,,romeodoubs,Romeo Doubs,Romeo,Doubs,WR,GB,Romeo Doubs,WR,
Brian Thomas Jr. WR  JAC,17.0,2.0,,885.0,52.1,5.0,,,,9.0,14.3,0.0,2.0,179.7,10.6,100.0,62.0,4.5,,,,,,,,,,,,,,,,,,,,,,,,,,,,brianthomas,Brian Thomas,Brian,Thomas,Jr.,WR,Brian Thomas,WR,
Brandin Cooks WR  DAL,17.0,5.0,,724.0,42.6,7.0,,,,33.0,12.1,0.0,0.0,177.7,10.5,90.0,60.0,6.6,,,,,,,,,,,,,,,,,,,,,,,,,,,,brandincooks,Brandin Cooks,Brandin,Cooks,WR,DAL,Brandin Cooks,WR,
Josh Palmer WR  LAC,17.0,1.0,,870.0,51.2,4.0,,,,7.0,13.6,0.0,1.0,176.0,10.4,100.0,64.0,7.0,,,,,,,,,,,,,,,,,,,,,,,,,,,,joshpalmer,Josh Palmer,Josh,Palmer,WR,LAC,,,
Khalil Shakir WR  BUF,17.0,1.0,,839.0,49.4,5.0,,,,8.0,14.2,0.0,0.0,175.6,10.3,71.0,59.0,8.0,,,,,,,,,,,,,,,,,,,,,,,,,,,,khalilshakir,Khalil Shakir,Khalil,Shakir,WR,BUF,Khalil Shakir,WR,
Jameson Williams WR  DET,17.0,4.0,,716.0,42.1,6.0,,,,70.0,14.9,2.0,0.0,175.3,10.3,82.0,48.0,17.5,,,,,,,,,,,,,,,,,,,,,,,,,,,,jamesonwilliams,Jameson Williams,Jameson,Williams,WR,DET,Jameson Williams,WR,
Jaxon Smith-Njigba WR  SEA,17.0,0.0,,707.0,41.6,6.0,,,,0.0,10.4,0.0,0.0,173.7,10.2,101.0,68.0,0.0,,,,,,,,,,,,,,,,,,,,,,,,,,,,jaxonsmith-njigba,Jaxon Smith-Njigba,Jaxon,Smith-Njigba,WR,SEA,,,
Jordan Addison WR  MIN,17.0,1.0,,717.0,42.2,7.0,,,,2.0,13.0,0.0,0.0,171.7,10.1,84.0,55.0,2.0,,,,,,,,,,,,,,,,,,,,,,,,,,,,jordanaddison,Jordan Addison,Jordan,Addison,WR,MIN,Jordan Addison,WR,
Adam Thielen WR  CAR,17.0,1.0,,691.0,40.6,5.0,,,,5.0,10.2,0.0,0.0,169.3,10.0,92.0,68.0,5.0,,,,,,,,,,,,,,,,,,,,,,,,,,,,adamthielen,Adam Thielen,Adam,Thielen,WR,CAR,Adam Thielen,WR,
Rome Odunze WR  CHI,17.0,2.0,,827.0,48.6,5.0,,,,12.0,14.5,0.0,2.0,167.9,9.9,93.0,57.0,6.0,,,,,,,,,,,,,,,,,,,,,,,,,,,,romeodunze,Rome Odunze,Rome,Odunze,WR,CHI,Rome Odunze,WR,
Curtis Samuel WR  BUF,17.0,17.0,,602.0,35.4,5.0,,,,89.0,10.8,2.0,0.0,166.7,9.8,82.0,56.0,5.2,,,,,,,,,,,,,,,,,,,,,,,,,,,,curtissamuel,Curtis Samuel,Curtis,Samuel,WR,BUF,Curtis Samuel,WR,
Rashid Shaheed WR  NO,17.0,7.0,,798.0,46.9,6.0,,,,43.0,16.3,0.0,1.0,166.6,9.8,78.0,49.0,6.1,,,,,,,,,,,,,,,,,,,,,,,,,,,,rashidshaheed,Rashid Shaheed,Rashid,Shaheed,WR,NO,Rashid Shaheed,WR,
Mike Williams WR  NYJ,17.0,2.0,,793.0,46.6,4.0,,,,5.0,13.4,0.0,0.0,164.5,9.7,88.0,59.0,2.5,,,,,,,,,,,,,,,,,,,,,,,,,,,,mikewilliams,Mike Williams,Mike,Williams,WR,NYJ,Mike Williams,WR,
Mike Williams WR  NYJ,17.0,2.0,,793.0,46.6,4.0,,,,5.0,13.4,0.0,0.0,164.5,9.7,88.0,59.0,2.5,,,,,,,,,,,,,,,,,,,,,,,,,,,,mikewilliams,Mike Williams,Mike,Williams,WR,NYJ,Mike Williams,WR,
Demario Douglas WR  NE,17.0,9.0,,777.0,45.7,3.0,,,,44.0,12.1,0.0,1.0,161.9,9.5,102.0,64.0,4.9,,,,,,,,,,,,,,,,,,,,,,,,,,,,demariodouglas,Demario Douglas,Demario,Douglas,WR,NE,DeMario Douglas,WR,
Kendrick Bourne WR  NE,17.0,5.0,,629.0,37.0,6.0,,,,38.0,11.9,0.0,1.0,155.3,9.1,76.0,53.0,7.6,,,,,,,,,,,,,,,,,,,,,,,,,,,,kendrickbourne,Kendrick Bourne,Kendrick,Bourne,WR,NE,Kendrick Bourne,WR,
Tim Patrick WR  DEN,17.0,0.0,,653.0,38.4,7.0,,,,0.0,13.9,0.0,0.0,153.6,9.0,76.0,47.0,0.0,,,,,,,,,,,,,,,,,,,,,,,,,,,,timpatrick,Tim Patrick,Tim,Patrick,WR,DEN,Tim Patrick,WR,
Troy Franklin WR  DEN,17.0,2.0,,737.0,43.4,4.0,,,,10.0,13.2,0.0,2.0,152.4,9.0,91.0,56.0,5.0,,,,,,,,,,,,,,,,,,,,,,,,,,,,troyfranklin,Troy Franklin,Troy,Franklin,WR,DEN,Troy Franklin,WR,
Ja'Lynn Polk WR  NE,17.0,2.0,,741.0,43.6,3.0,,,,9.0,12.2,0.0,2.0,151.4,8.9,98.0,61.0,4.5,,,,,,,,,,,,,,,,,,,,,,,,,,,,ja'lynnpolk,Ja'Lynn Polk,Ja'Lynn,Polk,WR,NE,,,
Michael Wilson WR  ARI,17.0,0.0,,702.0,41.3,5.0,,,,0.0,14.6,0.0,0.0,147.7,8.7,73.0,48.0,0.0,,,,,,,,,,,,,,,,,,,,,,,,,,,,michaelwilson,Michael Wilson,Michael,Wilson,WR,ARI,Michael Wilson,WR,
Wan'Dale Robinson WR  NYG,17.0,8.0,,554.0,32.6,3.0,,,,77.0,9.1,1.0,0.0,147.3,8.7,80.0,61.0,9.6,,,,,,,,,,,,,,,,,,,,,,,,,,,,wan'dalerobinson,Wan'Dale Robinson,Wan'Dale,Robinson,WR,NYG,,,
Darnell Mooney WR  ATL,17.0,2.0,,748.0,44.0,3.0,,,,8.0,15.0,0.0,0.0,146.1,8.6,90.0,50.0,4.0,,,,,,,,,,,,,,,,,,,,,,,,,,,,darnellmooney,Darnell Mooney,Darnell,Mooney,WR,ATL,Darnell Mooney,WR,
A.T. Perry WR  NO,17.0,1.0,,650.0,38.2,6.0,,,,3.0,16.3,0.0,0.0,143.9,8.5,62.0,40.0,3.0,,,,,,,,,,,,,,,,,,,,,,,,,,,,a.t.perry,A.T. Perry,A.T.,Perry,WR,NO,,,
Adonai Mitchell WR  IND,17.0,2.0,,730.0,42.9,4.0,,,,11.0,15.2,0.0,2.0,142.7,8.4,77.0,48.0,5.5,,,,,,,,,,,,,,,,,,,,,,,,,,,,adonaimitchell,Adonai Mitchell,Adonai,Mitchell,WR,IND,Adonai Mitchell,WR,
Darius Slayton WR  NYG,17.0,0.0,,690.0,40.6,5.0,,,,0.0,15.7,0.0,0.0,142.0,8.4,72.0,44.0,0.0,,,,,,,,,,,,,,,,,,,,,,,,,,,,dariusslayton,Darius Slayton,Darius,Slayton,WR,NYG,Darius Slayton,WR,
Gabe Davis WR  JAC,17.0,1.0,,666.0,39.2,6.0,,,,0.0,16.2,0.0,1.0,141.3,8.3,74.0,41.0,0.0,,,,,,,,,,,,,,,,,,,,,,,,,,,,gabedavis,Gabe Davis,Gabe,Davis,WR,JAC,Gabe Davis,WR,
Josh Downs WR  IND,17.0,0.0,,662.0,38.9,3.0,,,,0.0,11.8,0.0,0.0,138.6,8.2,81.0,56.0,0.0,,,,,,,,,,,,,,,,,,,,,,,,,,,,joshdowns,Josh Downs,Josh,Downs,WR,IND,Josh Downs,WR,
Odell Beckham Jr. WR  MIA,17.0,0.0,,673.0,39.6,4.0,,,,2.0,14.6,0.0,1.0,137.6,8.1,82.0,46.0,0.0,,,,,,,,,,,,,,,,,,,,,,,,,,,,odellbeckham,Odell Beckham,Odell,Beckham,Jr.,WR,Odell Beckham,WR,
DJ Chark WR  LAC,17.0,0.0,,555.0,32.6,8.0,,,,0.0,15.4,0.0,1.0,136.4,8.0,70.0,36.0,0.0,,,,,,,,,,,,,,,,,,,,,,,,,,,,djchark,DJ Chark,DJ,Chark,WR,LAC,DJ Chark,WR,
Elijah Moore WR  CLE,17.0,9.0,,618.0,36.4,3.0,,,,19.0,11.4,0.0,1.0,135.5,8.0,94.0,54.0,2.1,,,,,,,,,,,,,,,,,,,,,,,,,,,,elijahmoore,Elijah Moore,Elijah,Moore,WR,CLE,Elijah Moore,WR,
Rashod Bateman WR  BAL,17.0,1.0,,624.0,36.7,4.0,,,,13.0,13.3,0.0,0.0,135.5,8.0,79.0,47.0,13.0,,,,,,,,,,,,,,,,,,,,,,,,,,,,rashodbateman,Rashod Bateman,Rashod,Bateman,WR,BAL,Rashod Bateman,WR,
Jermaine Burton WR  CIN,17.0,2.0,,652.0,38.4,4.0,,,,7.0,13.9,0.0,2.0,134.9,7.9,76.0,47.0,3.5,,,,,,,,,,,,,,,,,,,,,,,,,,,,jermaineburton,Jermaine Burton,Jermaine,Burton,WR,CIN,Jermaine Burton,WR,
Zay Jones WR  ARI,17.0,1.0,,520.0,30.6,4.0,,,,5.0,9.3,0.0,0.0,134.3,7.9,95.0,56.0,5.0,,,,,,,,,,,,,,,,,,,,,,,,,,,,zayjones,Zay Jones,Zay,Jones,WR,ARI,Zay Jones,WR,
Quentin Johnston WR  LAC,17.0,3.0,,597.0,35.1,4.0,,,,8.0,12.7,0.0,0.0,133.8,7.9,83.0,47.0,2.7,,,,,,,,,,,,,,,,,,,,,,,,,,,,quentinjohnston,Quentin Johnston,Quentin,Johnston,WR,LAC,Quentin Johnston,WR,
Dontayvion Wicks WR  GB,17.0,1.0,,581.0,34.2,6.0,,,,1.0,15.3,0.0,1.0,133.1,7.8,58.0,38.0,1.0,,,,,,,,,,,,,,,,,,,,,,,,,,,,dontayvionwicks,Dontayvion Wicks,Dontayvion,Wicks,WR,GB,Dontayvion Wicks,WR,
Demarcus Robinson WR  LAR,17.0,1.0,,579.0,34.1,5.0,,,,20.0,13.5,0.0,1.0,133.1,7.8,68.0,43.0,20.0,,,,,,,,,,,,,,,,,,,,,,,,,,,,demarcusrobinson,Demarcus Robinson,Demarcus,Robinson,WR,LAR,Demarcus Robinson,WR,
Xavier Legette WR  CAR,17.0,2.0,,630.0,37.1,3.0,,,,10.0,14.0,0.0,1.0,127.2,7.5,73.0,45.0,5.0,,,,,,,,,,,,,,,,,,,,,,,,,,,,xavierlegette,Xavier Legette,Xavier,Legette,WR,CAR,Xavier Legette,WR,
Josh Reynolds WR  DEN,17.0,0.0,,580.0,34.1,5.0,,,,0.0,14.2,0.0,1.0,126.8,7.5,66.0,41.0,0.0,,,,,,,,,,,,,,,,,,,,,,,,,,,,joshreynolds,Josh Reynolds,Josh,Reynolds,WR,DEN,Josh Reynolds,WR,
Greg Dortch WR  ARI,17.0,3.0,,488.0,28.7,4.0,,,,20.0,10.8,0.0,0.0,120.9,7.1,70.0,45.0,6.7,,,,,,,,,,,,,,,,,,,,,,,,,,,,gregdortch,Greg Dortch,Greg,Dortch,WR,ARI,Greg Dortch,WR,
Roman Wilson WR  PIT,17.0,2.0,,553.0,32.5,3.0,,,,11.0,13.5,0.0,1.0,114.7,6.7,66.0,41.0,5.5,,,,,,,,,,,,,,,,,,,,,,,,,,,,romanwilson,Roman Wilson,Roman,Wilson,WR,PIT,Roman Wilson,WR,
Luke McCaffrey WR  WAS,17.0,2.0,,534.0,31.4,3.0,,,,9.0,13.0,0.0,1.0,113.0,6.6,67.0,41.0,4.5,,,,,,,,,,,,,,,,,,,,,,,,,,,,lukemccaffrey,Luke McCaffrey,Luke,McCaffrey,WR,WAS,Luke McCaffrey,WR,
Cedrick Wilson Jr. WR  NO,17.0,1.0,,434.0,25.5,5.0,,,,3.0,12.8,0.0,0.0,109.8,6.5,57.0,34.0,3.0,,,,,,,,,,,,,,,,,,,,,,,,,,,,cedrickwilson,Cedrick Wilson,Cedrick,Wilson,Jr.,WR,Cedrick Wilson,WR,
Tyler Boyd WR  TEN,17.0,2.0,,516.0,30.4,2.0,,,,11.0,12.0,0.0,0.0,109.3,6.4,62.0,43.0,5.5,,,,,,,,,,,,,,,,,,,,,,,,,,,,tylerboyd,Tyler Boyd,Tyler,Boyd,WR,TEN,Tyler Boyd,WR,
Jalen McMillan WR  TB,17.0,2.0,,529.0,31.1,3.0,,,,8.0,13.6,0.0,2.0,109.0,6.4,63.0,39.0,4.0,,,,,,,,,,,,,,,,,,,,,,,,,,,,jalenmcmillan,Jalen McMillan,Jalen,McMillan,WR,TB,Jalen McMillan,WR,
Dyami Brown WR  WAS,17.0,0.0,,497.0,29.2,4.0,,,,2.0,15.5,0.0,0.0,108.6,6.4,64.0,32.0,0.0,,,,,,,,,,,,,,,,,,,,,,,,,,,,dyamibrown,Dyami Brown,Dyami,Brown,WR,WAS,Dyami Brown,WR,
Jonathan Mingo WR  CAR,17.0,0.0,,502.0,29.5,2.0,,,,0.0,10.9,0.0,0.0,107.3,6.3,92.0,46.0,0.0,,,,,,,,,,,,,,,,,,,,,,,,,,,,jonathanmingo,Jonathan Mingo,Jonathan,Mingo,WR,CAR,Jonathan Mingo,WR,
KaVontae Turpin WR  DAL,17.0,13.0,,291.0,17.1,6.0,,,,126.0,11.2,1.0,1.0,107.0,6.3,40.0,26.0,9.7,,,,,,,,,,,,,,,,,,,,,,,,,,,,kavontaeturpin,KaVontae Turpin,KaVontae,Turpin,WR,DAL,KaVontae Turpin,WR,
Trenton Irwin WR  CIN,17.0,0.0,,485.0,28.5,3.0,,,,2.0,13.5,0.0,0.0,104.9,6.2,48.0,36.0,0.0,,,,,,,,,,,,,,,,,,,,,,,,,,,,trentonirwin,Trenton Irwin,Trenton,Irwin,WR,CIN,Trenton Irwin,WR,
Brandon Johnson WR  DEN,17.0,0.0,,378.0,22.2,6.0,,,,0.0,14.0,0.0,0.0,100.4,5.9,43.0,27.0,0.0,,,,,,,,,,,,,,,,,,,,,,,,,,,,brandonjohnson,Brandon Johnson,Brandon,Johnson,WR,DEN,Brandon Johnson,RB,
Brandon Johnson WR  DEN,17.0,0.0,,378.0,22.2,6.0,,,,0.0,14.0,0.0,0.0,100.4,5.9,43.0,27.0,0.0,,,,,,,,,,,,,,,,,,,,,,,,,,,,brandonjohnson,Brandon Johnson,Brandon,Johnson,WR,DEN,Brandon Johnson,WR,
Malachi Corley WR  NYJ,17.0,2.0,,487.0,28.6,2.0,,,,9.0,12.5,0.0,2.0,97.9,5.8,63.0,39.0,4.5,,,,,,,,,,,,,,,,,,,,,,,,,,,,malachicorley,Malachi Corley,Malachi,Corley,WR,NYJ,Malachi Corley,WR,
Ricky Pearsall WR  SF,17.0,2.0,,494.0,29.1,3.0,,,,12.0,15.9,0.0,2.0,97.6,5.7,49.0,31.0,6.0,,,,,,,,,,,,,,,,,,,,,,,,,,,,rickypearsall,Ricky Pearsall,Ricky,Pearsall,WR,SF,Ricky Pearsall,WR,
Jalen Nailor WR  MIN,17.0,0.0,,471.0,27.7,2.0,,,,1.0,13.9,0.0,0.0,95.2,5.6,61.0,34.0,0.0,,,,,,,,,,,,,,,,,,,,,,,,,,,,jalennailor,Jalen Nailor,Jalen,Nailor,WR,MIN,Jalen Nailor,WR,
Alec Pierce WR  IND,17.0,0.0,,487.0,28.6,3.0,,,,0.0,16.8,0.0,0.0,94.6,5.6,58.0,29.0,0.0,,,,,,,,,,,,,,,,,,,,,,,,,,,,alecpierce,Alec Pierce,Alec,Pierce,WR,IND,Alec Pierce,WR,
K.J. Osborn WR  NE,17.0,1.0,,407.0,23.9,2.0,,,,2.0,10.4,0.0,0.0,93.4,5.5,61.0,39.0,2.0,,,,,,,,,,,,,,,,,,,,,,,,,,,,k.j.osborn,K.J. Osborn,K.J.,Osborn,WR,NE,,,
Travis Kelce TE  KC,17.0,,,1149.0,67.6,8.0,,,,,11.4,,1.0,264.2,15.5,130.0,101.0,,,,,,,,,,,,,,,,,,,,,,,,,,,,,traviskelce,Travis Kelce,Travis,Kelce,TE,KC,Travis Kelce,TE,
Sam LaPorta TE  DET,17.0,,,846.0,49.8,9.0,,,,,10.1,,0.0,224.6,13.2,115.0,84.0,,,,,,,,,,,,,,,,,,,,,,,,,,,,,samlaporta,Sam LaPorta,Sam,LaPorta,TE,DET,Sam LaPorta,TE,
Mark Andrews TE  BAL,17.0,,,852.0,50.1,11.0,,,,,13.1,,0.0,219.3,12.9,91.0,65.0,,,,,,,,,,,,,,,,,,,,,,,,,,,,,markandrews,Mark Andrews,Mark,Andrews,TE,BAL,Mark Andrews,TE,
Dalton Kincaid TE  BUF,17.0,,,865.0,50.9,6.0,,,,,9.8,,1.0,207.0,12.2,111.0,88.0,,,,,,,,,,,,,,,,,,,,,,,,,,,,,daltonkincaid,Dalton Kincaid,Dalton,Kincaid,TE,BUF,Dalton Kincaid,TE,
Evan Engram TE  JAC,17.0,,,818.0,48.1,5.0,,,,,8.9,,1.0,204.9,12.1,119.0,92.0,,,,,,,,,,,,,,,,,,,,,,,,,,,,,evanengram,Evan Engram,Evan,Engram,TE,JAC,Evan Engram,TE,
Trey McBride TE  ARI,17.0,,,902.0,53.1,5.0,,,,,10.9,,0.0,203.1,11.9,109.0,83.0,,,,,,,,,,,,,,,,,,,,,,,,,,,,,treymcbride,Trey McBride,Trey,McBride,TE,ARI,Trey McBride,TE,
David Njoku TE  CLE,17.0,,,879.0,51.7,7.0,,,,,11.7,,2.0,199.7,11.7,113.0,75.0,,,,,,,,,,,,,,,,,,,,,,,,,,,,,davidnjoku,David Njoku,David,Njoku,TE,CLE,David Njoku,TE,
George Kittle TE  SF,17.0,,,915.0,53.8,7.0,,,,,15.0,,0.0,196.4,11.6,85.0,61.0,,,,,,,,,,,,,,,,,,,,,,,,,,,,,georgekittle,George Kittle,George,Kittle,TE,SF,George Kittle,TE,
Jake Ferguson TE  DAL,17.0,,,763.0,44.9,7.0,,,,,10.8,,0.0,187.8,11.0,99.0,71.0,,,,,,,,,,,,,,,,,,,,,,,,,,,,,jakeferguson,Jake Ferguson,Jake,Ferguson,TE,DAL,Jake Ferguson,TE,
Kyle Pitts TE  ATL,17.0,,,877.0,51.6,5.0,,,,,13.7,,0.0,180.7,10.6,108.0,64.0,,,,,,,,,,,,,,,,,,,,,,,,,,,,,kylepitts,Kyle Pitts,Kyle,Pitts,TE,ATL,Kyle Pitts,TE,
Dallas Goedert TE  PHI,17.0,,,743.0,43.7,6.0,,,,,11.3,,0.0,178.4,10.5,91.0,66.0,,,,,,,,,,,,,,,,,,,,,,,,,,,,,dallasgoedert,Dallas Goedert,Dallas,Goedert,TE,PHI,Dallas Goedert,TE,
Brock Bowers TE  LV,17.0,,,754.0,44.4,5.0,,,,,11.6,,2.0,165.8,9.8,95.0,65.0,,,,,,,,,,,,,,,,,,,,,,,,,,,,,brockbowers,Brock Bowers,Brock,Bowers,TE,LV,Brock Bowers,TE,
Cole Kmet TE  CHI,17.0,,,604.0,35.5,7.0,,,,,10.2,,0.0,163.8,9.6,76.0,59.0,,,,,,,,,,,,,,,,,,,,,,,,,,,,,colekmet,Cole Kmet,Cole,Kmet,TE,CHI,Cole Kmet,TE,
Dalton Schultz TE  HOU,17.0,,,656.0,38.6,6.0,,,,,11.1,,1.0,157.6,9.3,86.0,59.0,,,,,,,,,,,,,,,,,,,,,,,,,,,,,daltonschultz,Dalton Schultz,Dalton,Schultz,TE,HOU,Dalton Schultz,TE,
T.J. Hockenson TE  MIN,16.0,,,663.0,41.4,3.0,,,,,10.4,,1.0,145.6,9.1,87.0,64.0,,,,,,,,,,,,,,,,,,,,,,,,,,,,,t.j.hockenson,T.J. Hockenson,T.J.,Hockenson,TE,MIN,,,
Pat Freiermuth TE  PIT,17.0,,,613.0,36.1,5.0,,,,,11.4,,0.0,145.2,8.5,80.0,54.0,,,,,,,,,,,,,,,,,,,,,,,,,,,,,patfreiermuth,Pat Freiermuth,Pat,Freiermuth,TE,PIT,Pat Freiermuth,TE,
Luke Musgrave TE  GB,17.0,,,606.0,35.6,4.0,,,,,10.5,,0.0,141.5,8.3,77.0,58.0,,,,,,,,,,,,,,,,,,,,,,,,,,,,,lukemusgrave,Luke Musgrave,Luke,Musgrave,TE,GB,Luke Musgrave,TE,
Isaiah Likely TE  BAL,17.0,,,547.0,32.2,8.0,,,,,14.0,,0.0,141.4,8.3,55.0,39.0,,,,,,,,,,,,,,,,,,,,,,,,,,,,,isaiahlikely,Isaiah Likely,Isaiah,Likely,TE,BAL,Isaiah Likely,TE,
Tyler Conklin TE  NYJ,17.0,,,601.0,35.4,3.0,,,,,10.4,,0.0,135.5,8.0,83.0,58.0,,,,,,,,,,,,,,,,,,,,,,,,,,,,,tylerconklin,Tyler Conklin,Tyler,Conklin,TE,NYJ,Tyler Conklin,TE,
Zach Ertz TE  WAS,17.0,,,486.0,28.6,5.0,,,,,9.0,,0.0,134.9,7.9,84.0,54.0,,,,,,,,,,,,,,,,,,,,,,,,,,,,,zachertz,Zach Ertz,Zach,Ertz,TE,WAS,Zach Ertz,TE,
Hunter Henry TE  NE,17.0,,,472.0,27.8,7.0,,,,,10.7,,0.0,131.9,7.8,66.0,44.0,,,,,,,,,,,,,,,,,,,,,,,,,,,,,hunterhenry,Hunter Henry,Hunter,Henry,TE,NE,Hunter Henry,TE,
Jonnu Smith TE  MIA,17.0,,,524.0,30.8,4.0,,,,,11.6,,1.0,121.3,7.1,63.0,45.0,,,,,,,,,,,,,,,,,,,,,,,,,,,,,jonnusmith,Jonnu Smith,Jonnu,Smith,TE,MIA,Jonnu Smith,TE,
Juwan Johnson TE  NO,17.0,,,430.0,25.3,6.0,,,,,10.2,,0.0,120.5,7.1,67.0,42.0,,,,,,,,,,,,,,,,,,,,,,,,,,,,,juwanjohnson,Juwan Johnson,Juwan,Johnson,TE,NO,Juwan Johnson,TE,
Tyler Higbee TE  LAR,17.0,,,514.0,30.2,3.0,,,,,10.1,,0.0,120.0,7.1,76.0,51.0,,,,,,,,,,,,,,,,,,,,,,,,,,,,,tylerhigbee,Tyler Higbee,Tyler,Higbee,TE,LAR,Tyler Higbee,TE,
Cade Otton TE  TB,17.0,,,494.0,29.1,4.0,,,,,10.3,,1.0,119.3,7.0,69.0,48.0,,,,,,,,,,,,,,,,,,,,,,,,,,,,,cadeotton,Cade Otton,Cade,Otton,TE,TB,Cade Otton,TE,
Chigoziem Okonkwo TE  TEN,17.0,,,492.0,28.9,3.0,,,,,10.5,,0.0,115.9,6.8,67.0,47.0,,,,,,,,,,,,,,,,,,,,,,,,,,,,,chigoziemokonkwo,Chigoziem Okonkwo,Chigoziem,Okonkwo,TE,TEN,Chigoziem Okonkwo,TE,
Mike Gesicki TE  CIN,17.0,,,418.0,24.6,5.0,,,,,10.0,,0.0,112.8,6.6,64.0,42.0,,,,,,,,,,,,,,,,,,,,,,,,,,,,,mikegesicki,Mike Gesicki,Mike,Gesicki,TE,CIN,Mike Gesicki,TE,
Noah Fant TE  SEA,17.0,,,503.0,29.6,3.0,,,,,11.4,,0.0,111.3,6.5,59.0,44.0,,,,,,,,,,,,,,,,,,,,,,,,,,,,,noahfant,Noah Fant,Noah,Fant,TE,SEA,Noah Fant,TE,
Gerald Everett TE  CHI,17.0,,,403.0,23.7,4.0,,,,,9.2,,0.0,110.4,6.5,61.0,44.0,,,,,,,,,,,,,,,,,,,,,,,,,,,,,geraldeverett,Gerald Everett,Gerald,Everett,TE,CHI,Gerald Everett,TE,
Ben Sinnott TE  WAS,17.0,,,462.0,27.2,3.0,,,,,10.3,,1.0,106.9,6.3,66.0,45.0,,,,,,,,,,,,,,,,,,,,,,,,,,,,,bensinnott,Ben Sinnott,Ben,Sinnott,TE,WAS,Ben Sinnott,TE,
Michael Mayer TE  LV,17.0,,,437.0,25.7,3.0,,,,,11.5,,0.0,98.5,5.8,56.0,38.0,,,,,,,,,,,,,,,,,,,,,,,,,,,,,michaelmayer,Michael Mayer,Michael,Mayer,TE,LV,Michael Mayer,TE,
Dawson Knox TE  BUF,17.0,,,327.0,19.2,5.0,,,,,10.2,,0.0,97.6,5.7,48.0,32.0,,,,,,,,,,,,,,,,,,,,,,,,,,,,,dawsonknox,Dawson Knox,Dawson,Knox,TE,BUF,Dawson Knox,TE,
Brevin Jordan TE  HOU,17.0,,,401.0,23.6,5.0,,,,,15.4,,0.0,95.1,5.6,35.0,26.0,,,,,,,,,,,,,,,,,,,,,,,,,,,,,brevinjordan,Brevin Jordan,Brevin,Jordan,TE,HOU,Brevin Jordan,TE,
Greg Dulcich TE  DEN,17.0,,,477.0,28.1,2.0,,,,,13.6,,0.0,94.6,5.6,55.0,35.0,,,,,,,,,,,,,,,,,,,,,,,,,,,,,gregdulcich,Greg Dulcich,Greg,Dulcich,TE,DEN,Greg Dulcich,TE,
Hayden Hurst TE  LAC,17.0,,,385.0,22.6,3.0,,,,,10.4,,0.0,92.4,5.4,56.0,37.0,,,,,,,,,,,,,,,,,,,,,,,,,,,,,haydenhurst,Hayden Hurst,Hayden,Hurst,TE,LAC,Hayden Hurst,TE,
Durham Smythe TE  MIA,17.0,,,385.0,22.6,2.0,,,,,10.4,,0.0,89.7,5.3,46.0,37.0,,,,,,,,,,,,,,,,,,,,,,,,,,,,,durhamsmythe,Durham Smythe,Durham,Smythe,TE,MIA,Durham Smythe,TE,
Tucker Kraft TE  GB,17.0,,,372.0,21.9,3.0,,,,,10.9,,0.0,87.7,5.2,46.0,34.0,,,,,,,,,,,,,,,,,,,,,,,,,,,,,tuckerkraft,Tucker Kraft,Tucker,Kraft,TE,GB,Tucker Kraft,TE,
Donald Parham Jr. TE  LAC,17.0,,,292.0,17.2,5.0,,,,,10.4,,0.0,86.9,5.1,41.0,28.0,,,,,,,,,,,,,,,,,,,,,,,,,,,,,donaldparham,Donald Parham,Donald,Parham,Jr.,TE,Donald Parham,TE,
Theo Johnson TE  NYG,17.0,,,370.0,21.8,2.0,,,,,9.5,,1.0,84.7,5.0,58.0,39.0,,,,,,,,,,,,,,,,,,,,,,,,,,,,,theojohnson,Theo Johnson,Theo,Johnson,TE,NYG,Theo Johnson,TE,
Ja'Tavion Sanders TE  CAR,17.0,,,351.0,20.6,2.0,,,,,9.2,,1.0,82.0,4.8,56.0,38.0,,,,,,,,,,,,,,,,,,,,,,,,,,,,,ja'tavionsanders,Ja'Tavion Sanders,Ja'Tavion,Sanders,TE,CAR,,,
Elijah Higgins TE  ARI,17.0,,,373.0,21.9,2.0,,,,,12.0,,0.0,82.0,4.8,43.0,31.0,,,,,,,,,,,,,,,,,,,,,,,,,,,,,elijahhiggins,Elijah Higgins,Elijah,Higgins,TE,ARI,Elijah Higgins,TE,
Tommy Tremble TE  CAR,17.0,,,223.0,13.1,5.0,,,,,8.9,,0.0,80.4,4.7,38.0,25.0,,,,,,,,,,,,,,,,,,,,,,,,,,,,,tommytremble,Tommy Tremble,Tommy,Tremble,TE,CAR,Tommy Tremble,TE,
Kylen Granson TE  IND,17.0,,,359.0,21.1,2.0,,,,,12.8,,0.0,79.0,4.6,45.0,28.0,,,,,,,,,,,,,,,,,,,,,,,,,,,,,kylengranson,Kylen Granson,Kylen,Granson,TE,IND,Kylen Granson,TE,
Noah Gray TE  KC,17.0,,,294.0,17.3,2.0,,,,,10.5,,0.0,72.2,4.2,40.0,28.0,,,,,,,,,,,,,,,,,,,,,,,,,,,,,noahgray,Noah Gray,Noah,Gray,TE,KC,Noah Gray,TE,
Brock Wright TE  DET,17.0,,,251.0,14.8,3.0,,,,,9.3,,0.0,68.8,4.0,31.0,27.0,,,,,,,,,,,,,,,,,,,,,,,,,,,,,brockwright,Brock Wright,Brock,Wright,TE,DET,Brock Wright,TE,
Mo Alie-Cox TE  IND,17.0,,,206.0,12.1,5.0,,,,,12.9,,0.0,66.4,3.9,28.0,16.0,,,,,,,,,,,,,,,,,,,,,,,,,,,,,moalie-cox,Mo Alie-Cox,Mo,Alie-Cox,TE,IND,,,
Daniel Bellinger TE  NYG,17.0,,,314.0,18.5,1.0,,,,,10.8,,0.0,65.6,3.9,34.0,29.0,,,,,,,,,,,,,,,,,,,,,,,,,,,,,danielbellinger,Daniel Bellinger,Daniel,Bellinger,TE,NYG,Daniel Bellinger,TE,
Adam Trautman TE  DEN,17.0,,,236.0,13.9,3.0,,,,,9.4,,0.0,65.1,3.8,38.0,25.0,,,,,,,,,,,,,,,,,,,,,,,,,,,,,adamtrautman,Adam Trautman,Adam,Trautman,TE,DEN,Adam Trautman,TE,
Austin Hooper TE  NE,17.0,,,263.0,15.5,1.0,,,,,9.1,,0.0,60.5,3.6,40.0,29.0,,,,,,,,,,,,,,,,,,,,,,,,,,,,,austinhooper,Austin Hooper,Austin,Hooper,TE,NE,Austin Hooper,TE,
Josh Oliver TE  MIN,17.0,,,243.0,14.3,2.0,,,,,9.4,,1.0,59.8,3.5,35.0,26.0,,,,,,,,,,,,,,,,,,,,,,,,,,,,,josholiver,Josh Oliver,Josh,Oliver,TE,MIN,Josh Oliver,TE,
Johnny Mundt TE  MIN,17.0,,,246.0,14.5,1.0,,,,,9.5,,0.0,55.8,3.3,34.0,26.0,,,,,,,,,,,,,,,,,,,,,,,,,,,,,johnnymundt,Johnny Mundt,Johnny,Mundt,TE,MIN,Johnny Mundt,TE,
Connor Heyward TE  PIT,17.0,,,203.0,11.9,1.0,,,,,8.5,,0.0,52.0,3.1,35.0,24.0,,,,,,,,,,,,,,,,,,,,,,,,,,,,,connorheyward,Connor Heyward,Connor,Heyward,TE,PIT,Connor Heyward,TE,
Jelani Woods TE  IND,17.0,,,249.0,14.6,2.0,,,,,15.6,,0.0,51.8,3.0,26.0,16.0,,,,,,,,,,,,,,,,,,,,,,,,,,,,,jelaniwoods,Jelani Woods,Jelani,Woods,TE,IND,Jelani Woods,TE,
Ian Thomas TE  CAR,17.0,,,209.0,12.3,1.0,,,,,10.0,,0.0,47.4,2.8,34.0,21.0,,,,,,,,,,,,,,,,,,,,,,,,,,,,,ianthomas,Ian Thomas,Ian,Thomas,TE,CAR,Ian Thomas,TE,
Colby Parkinson TE  LAR,17.0,,,179.0,10.5,2.0,,,,,11.2,,0.0,45.0,2.6,22.0,16.0,,,,,,,,,,,,,,,,,,,,,,,,,,,,,colbyparkinson,Colby Parkinson,Colby,Parkinson,TE,LAR,Colby Parkinson,TE,
Teagan Quitoriano TE  HOU,17.0,,,179.0,10.5,2.0,,,,,16.3,,0.0,40.0,2.4,16.0,11.0,,,,,,,,,,,,,,,,,,,,,,,,,,,,,teaganquitoriano,Teagan Quitoriano,Teagan,Quitoriano,TE,HOU,Teagan Quitoriano,TE,
Will Dissly TE  LAC,17.0,,,156.0,9.2,1.0,,,,,10.4,,0.0,36.3,2.1,19.0,15.0,,,,,,,,,,,,,,,,,,,,,,,,,,,,,willdissly,Will Dissly,Will,Dissly,TE,LAC,Will Dissly,TE,
John Bates TE  WAS,17.0,,,145.0,8.5,1.0,,,,,9.1,,0.0,35.7,2.1,24.0,16.0,,,,,,,,,,,,,,,,,,,,,,,,,,,,,johnbates,John Bates,John,Bates,TE,WAS,John Bates,TE,
Armani Rogers TE  PHI,17.0,,,133.0,7.8,1.0,,,,,12.1,,0.0,35.7,2.1,14.0,11.0,,,,,,,,,,,,,,,,,,,,,,,,,,,,,armanirogers,Armani Rogers,Armani,Rogers,TE,PHI,Armani Rogers,TE,
Quintin Morris TE  BUF,17.0,,,123.0,7.2,2.0,,,,,11.2,,0.0,35.1,2.1,16.0,11.0,,,,,,,,,,,,,,,,,,,,,,,,,,,,,quintinmorris,Quintin Morris,Quintin,Morris,TE,BUF,Quintin Morris,TE,
Brenton Strange TE  JAC,17.0,,,101.0,5.9,2.0,,,,,8.4,,0.0,33.2,2.0,13.0,12.0,,,,,,,,,,,,,,,,,,,,,,,,,,,,,brentonstrange,Brenton Strange,Brenton,Strange,TE,JAC,Brenton Strange,TE,
Stone Smartt TE  LAC,17.0,,,157.0,9.2,1.0,,,,,14.3,,0.0,32.3,1.9,21.0,11.0,,,,,,,,,,,,,,,,,,,,,,,,,,,,,stonesmartt,Stone Smartt,Stone,Smartt,TE,LAC,Stone Smartt,TE,
Ben Sims TE  GB,17.0,,,93.0,5.5,2.0,,,,,8.5,,0.0,32.2,1.9,11.0,11.0,,,,,,,,,,,,,,,,,,,,,,,,,,,,,bensims,Ben Sims,Ben,Sims,TE,GB,Ben Sims,TE,
Payne Durham TE  TB,17.0,,,136.0,8.0,1.0,,,,,11.3,,0.0,31.7,1.9,17.0,12.0,,,,,,,,,,,,,,,,,,,,,,,,,,,,,paynedurham,Payne Durham,Payne,Durham,TE,TB,Payne Durham,TE,
Andrew Ogletree TE  IND,17.0,,,161.0,9.5,1.0,,,,,16.1,,0.0,31.3,1.8,20.0,10.0,,,,,,,,,,,,,,,,,,,,,,,,,,,,,andrewogletree,Andrew Ogletree,Andrew,Ogletree,TE,IND,,,
Jared Wiley TE  KC,17.0,,,128.0,7.5,1.0,,,,,9.9,,0.0,31.1,1.8,16.0,13.0,,,,,,,,,,,,,,,,,,,,,,,,,,,,,jaredwiley,Jared Wiley,Jared,Wiley,TE,KC,Jared Wiley,TE,
Peyton Hendershot TE  DAL,17.0,,,112.0,6.6,1.0,,,,,10.2,,0.0,30.9,1.8,19.0,11.0,,,,,,,,,,,,,,,,,,,,,,,,,,,,,peytonhendershot,Peyton Hendershot,Peyton,Hendershot,TE,DAL,Peyton Hendershot,TE,
Jordan Akins TE  CLE,17.0,,,110.0,6.5,1.0,,,,,10.0,,0.0,30.9,1.8,16.0,11.0,,,,,,,,,,,,,,,,,,,,,,,,,,,,,jordanakins,Jordan Akins,Jordan,Akins,TE,CLE,Jordan Akins,TE,
Pharaoh Brown TE  SEA,17.0,,,152.0,8.9,1.0,,,,,13.8,,0.0,30.7,1.8,14.0,11.0,,,,,,,,,,,,,,,,,,,,,,,,,,,,,pharaohbrown,Pharaoh Brown,Pharaoh,Brown,TE,SEA,Pharaoh Brown,TE,
MyCole Pruitt TE  PIT,17.0,,,101.0,5.9,2.0,,,,,11.2,,0.0,30.2,1.8,12.0,9.0,,,,,,,,,,,,,,,,,,,,,,,,,,,,,mycolepruitt,MyCole Pruitt,MyCole,Pruitt,TE,PIT,MyCole Pruitt,TE,
Tanner McLachlan TE  CIN,17.0,,,123.0,7.2,1.0,,,,,10.3,,0.0,30.1,1.8,16.0,12.0,,,,,,,,,,,,,,,,,,,,,,,,,,,,,tannermclachlan,Tanner McLachlan,Tanner,McLachlan,TE,CIN,Tanner McLachlan,TE,
Luke Farrell TE  JAC,17.0,,,129.0,7.6,1.0,,,,,10.8,,0.0,30.1,1.8,14.0,12.0,,,,,,,,,,,,,,,,,,,,,,,,,,,,,lukefarrell,Luke Farrell,Luke,Farrell,TE,JAC,Luke Farrell,TE,
James Mitchell TE  DET,17.0,,,124.0,7.3,1.0,,,,,10.3,,0.0,30.1,1.8,16.0,12.0,,,,,,,,,,,,,,,,,,,,,,,,,,,,,jamesmitchell,James Mitchell,James,Mitchell,TE,DET,James Mitchell,TE,
Erick All TE  CIN,17.0,,,123.0,7.2,1.0,,,,,10.3,,0.0,30.1,1.8,16.0,12.0,,,,,,,,,,,,,,,,,,,,,,,,,,,,,erickall,Erick All,Erick,All,TE,CIN,Erick All,TE,
Irv Smith TE  KC,17.0,,,104.0,6.1,1.0,,,,,8.0,,0.0,29.6,1.7,18.0,13.0,,,,,,,,,,,,,,,,,,,,,,,,,,,,,irvsmith,Irv Smith,Irv,Smith,TE,KC,Irv Smith,TE,
Foster Moreau TE  NO,17.0,,,120.0,7.1,1.0,,,,,10.9,,0.0,29.1,1.7,15.0,11.0,,,,,,,,,,,,,,,,,,,,,,,,,,,,,fostermoreau,Foster Moreau,Foster,Moreau,TE,NO,Foster Moreau,TE,
Cade Stover TE  HOU,17.0,,,120.0,7.1,1.0,,,,,10.9,,0.0,29.1,1.7,14.0,11.0,,,,,,,,,,,,,,,,,,,,,,,,,,,,,cadestover,Cade Stover,Cade,Stover,TE,HOU,Cade Stover,TE,
Robert Tonyan TE  MIN,17.0,,,114.0,6.7,1.0,,,,,9.5,,0.0,28.6,1.7,17.0,12.0,,,,,,,,,,,,,,,,,,,,,,,,,,,,,roberttonyan,Robert Tonyan,Robert,Tonyan,TE,MIN,Robert Tonyan,TE,
Tanner Hudson TE  CIN,17.0,,,113.0,6.6,1.0,,,,,9.4,,0.0,28.6,1.7,16.0,12.0,,,,,,,,,,,,,,,,,,,,,,,,,,,,,tannerhudson,Tanner Hudson,Tanner,Hudson,TE,CIN,Tanner Hudson,TE,
Cameron Latu TE  SF,17.0,,,121.0,7.1,1.0,,,,,12.1,,0.0,28.1,1.7,13.0,10.0,,,,,,,,,,,,,,,,,,,,,,,,,,,,,cameronlatu,Cameron Latu,Cameron,Latu,TE,SF,Cameron Latu,TE,
Brayden Willis TE  SF,17.0,,,121.0,7.1,1.0,,,,,12.1,,0.0,28.1,1.7,13.0,10.0,,,,,,,,,,,,,,,,,,,,,,,,,,,,,braydenwillis,Brayden Willis,Brayden,Willis,TE,SF,Brayden Willis,TE,
Travis Vokolek TE  ARI,17.0,,,102.0,6.0,1.0,,,,,9.3,,0.0,27.6,1.6,15.0,11.0,,,,,,,,,,,,,,,,,,,,,,,,,,,,,travisvokolek,Travis Vokolek,Travis,Vokolek,TE,ARI,Travis Vokolek,TE,
Grant Calcaterra TE  PHI,17.0,,,117.0,6.9,1.0,,,,,10.6,,0.0,27.6,1.6,14.0,11.0,,,,,,,,,,,,,,,,,,,,,,,,,,,,,grantcalcaterra,Grant Calcaterra,Grant,Calcaterra,TE,PHI,Grant Calcaterra,TE,
Jeremy Ruckert TE  NYJ,17.0,,,112.0,6.6,1.0,,,,,10.2,,0.0,27.6,1.6,15.0,11.0,,,,,,,,,,,,,,,,,,,,,,,,,,,,,jeremyruckert,Jeremy Ruckert,Jeremy,Ruckert,TE,NYJ,Jeremy Ruckert,TE,
Tip Reiman TE  ARI,17.0,,,102.0,6.0,1.0,,,,,9.3,,0.0,27.6,1.6,15.0,11.0,,,,,,,,,,,,,,,,,,,,,,,,,,,,,tipreiman,Tip Reiman,Tip,Reiman,TE,ARI,Tip Reiman,TE,
AJ Barner TE  SEA,17.0,,,108.0,6.4,1.0,,,,,9.8,,0.0,27.6,1.6,14.0,11.0,,,,,,,,,,,,,,,,,,,,,,,,,,,,,ajbarner,AJ Barner,AJ,Barner,TE,SEA,AJ Barner,TE,
Devin Culp TE  TB,17.0,,,113.0,6.6,1.0,,,,,10.3,,0.0,27.6,1.6,14.0,11.0,,,,,,,,,,,,,,,,,,,,,,,,,,,,,devinculp,Devin Culp,Devin,Culp,TE,TB,Devin Culp,TE,
Davis Allen TE  LAR,17.0,,,115.0,6.8,1.0,,,,,10.5,,0.0,27.6,1.6,14.0,11.0,,,,,,,,,,,,,,,,,,,,,,,,,,,,,davisallen,Davis Allen,Davis,Allen,TE,LAR,Davis Allen,TE,
Dallin Holker TE  NO,17.0,,,112.0,6.6,1.0,,,,,10.2,,0.0,27.6,1.6,15.0,11.0,,,,,,,,,,,,,,,,,,,,,,,,,,,,,dallinholker,Dallin Holker,Dallin,Holker,TE,NO,Dallin Holker,TE,
Albert Okwuegbunam TE  PHI,17.0,,,107.0,6.3,1.0,,,,,9.7,,0.0,27.6,1.6,15.0,11.0,,,,,,,,,,,,,,,,,,,,,,,,,,,,,albertokwuegbunam,Albert Okwuegbunam,Albert,Okwuegbunam,TE,PHI,Albert Okwuegbunam,TE,
Drew Sample TE  CIN,17.0,,,100.0,5.9,1.0,,,,,8.3,,0.0,27.2,1.6,15.0,12.0,,,,,,,,,,,,,,,,,,,,,,,,,,,,,drewsample,Drew Sample,Drew,Sample,TE,CIN,Drew Sample,TE,
Josiah Deguara TE  JAC,17.0,,,95.0,5.6,1.0,,,,,7.9,,0.0,27.2,1.6,13.0,12.0,,,,,,,,,,,,,,,,,,,,,,,,,,,,,josiahdeguara,Josiah Deguara,Josiah,Deguara,TE,JAC,Josiah Deguara,TE,
Will Mallory TE  IND,17.0,,,116.0,6.8,1.0,,,,,11.6,,0.0,26.6,1.6,13.0,10.0,,,,,,,,,,,,,,,,,,,,,,,,,,,,,willmallory,Will Mallory,Will,Mallory,TE,IND,Will Mallory,TE,
John FitzPatrick TE  ATL,17.0,,,117.0,6.9,1.0,,,,,11.7,,0.0,26.6,1.6,14.0,10.0,,,,,,,,,,,,,,,,,,,,,,,,,,,,,johnfitzpatrick,John FitzPatrick,John,FitzPatrick,TE,ATL,John FitzPatrick,TE,
Cole Turner TE  WAS,17.0,,,118.0,6.9,1.0,,,,,11.8,,0.0,26.6,1.6,15.0,10.0,,,,,,,,,,,,,,,,,,,,,,,,,,,,,coleturner,Cole Turner,Cole,Turner,TE,WAS,Cole Turner,TE,
Ross Dwelley TE  ATL,17.0,,,127.0,7.5,1.0,,,,,15.9,,0.0,26.1,1.5,12.0,8.0,,,,,,,,,,,,,,,,,,,,,,,,,,,,,rossdwelley,Ross Dwelley,Ross,Dwelley,TE,ATL,Ross Dwelley,TE,
Charlie Kolar TE  BAL,17.0,,,103.0,6.1,1.0,,,,,11.4,,0.0,25.6,1.5,11.0,9.0,,,,,,,,,,,,,,,,,,,,,,,,,,,,,charliekolar,Charlie Kolar,Charlie,Kolar,TE,BAL,Charlie Kolar,TE,
Julian Hill TE  MIA,17.0,,,104.0,6.1,1.0,,,,,9.5,,1.0,25.6,1.5,14.0,11.0,,,,,,,,,,,,,,,,,,,,,,,,,,,,,julianhill,Julian Hill,Julian,Hill,TE,MIA,Julian Hill,TE,
Nick Vannett TE  TEN,17.0,,,104.0,6.1,1.0,,,,,11.6,,0.0,25.6,1.5,13.0,9.0,,,,,,,,,,,,,,,,,,,,,,,,,,,,,nickvannett,Nick Vannett,Nick,Vannett,TE,TEN,Nick Vannett,TE,
Lucas Krull TE  DEN,17.0,,,104.0,6.1,1.0,,,,,11.6,,0.0,25.6,1.5,12.0,9.0,,,,,,,,,,,,,,,,,,,,,,,,,,,,,lucaskrull,Lucas Krull,Lucas,Krull,TE,DEN,Lucas Krull,TE,
Younghoe Koo K  ATL,17.0,,,,,,,,,,,,,172.0,10.1,,,,39.0,44.0,,0.309,0.31,11.8,11.9,11.7,11.8,10.6,12.1,4.59,4.59,55.0,57.0,,,,,,,,,,,,,younghoekoo,Younghoe Koo,Younghoe,Koo,K,ATL,Younghoe Koo,K,
Harrison Butker K  KC,17.0,,,,,,,,,,,,,148.0,8.7,,,,34.0,38.0,,0.263,0.263,10.5,10.6,10.3,11.7,7.6,8.4,5.6,5.6,46.0,47.0,,,,,,,,,,,,,harrisonbutker,Harrison Butker,Harrison,Butker,K,KC,Harrison Butker,K,
Jason Myers K  SEA,17.0,,,,,,,,,,,,,147.0,8.6,,,,35.0,42.0,,0.279,0.279,7.8,7.9,12.1,13.4,10.3,12.4,4.6,4.6,42.0,43.0,,,,,,,,,,,,,jasonmyers,Jason Myers,Jason,Myers,K,SEA,Jason Myers,K,
Justin Tucker K  BAL,17.0,,,,,,,,,,,,,146.0,8.6,,,,32.0,36.0,,0.251,0.251,9.0,9.1,8.9,9.0,10.4,11.6,3.17,3.17,50.0,51.0,,,,,,,,,,,,,justintucker,Justin Tucker,Justin,Tucker,K,BAL,Justin Tucker,K,
Ka'imi Fairbairn K  HOU,17.0,,,,,,,,,,,,,145.0,8.5,,,,34.0,39.0,,0.259,0.259,10.3,10.4,10.6,10.8,7.4,10.3,5.5,5.5,43.0,44.0,,,,,,,,,,,,,ka'imifairbairn,Ka'imi Fairbairn,Ka'imi,Fairbairn,K,HOU,,,
Jake Elliott K  PHI,17.0,,,,,,,,,,,,,145.0,8.5,,,,31.0,34.0,,0.253,0.253,8.8,8.9,8.6,9.5,7.7,8.6,5.4,5.4,52.0,53.0,,,,,,,,,,,,,jakeelliott,Jake Elliott,Jake,Elliott,K,PHI,Jake Elliott,K,
Brandon Aubrey K  DAL,17.0,,,,,,,,,,,,,145.0,8.5,,,,34.0,38.0,,0.264,0.264,8.0,8.1,12.5,14.3,7.6,8.4,5.6,5.6,43.0,46.0,,,,,,,,,,,,,brandonaubrey,Brandon Aubrey,Brandon,Aubrey,K,DAL,Brandon Aubrey,K,
Blake Grupe K  NO,17.0,,,,,,,,,,,,,142.0,8.4,,,,31.0,37.0,,0.24,0.241,9.6,10.7,7.8,7.9,8.0,10.0,5.1,5.1,49.0,49.0,,,,,,,,,,,,,blakegrupe,Blake Grupe,Blake,Grupe,K,NO,Blake Grupe,K,
Tyler Bass K  BUF,17.0,,,,,,,,,,,,,142.0,8.4,,,,30.0,38.0,,0.244,0.244,7.3,8.1,11.6,12.7,7.0,10.5,3.89,3.89,52.0,53.0,,,,,,,,,,,,,tylerbass,Tyler Bass,Tyler,Bass,K,BUF,Tyler Bass,K,
Cairo Santos K  CHI,17.0,,,,,,,,,,,,,141.0,8.3,,,,34.0,37.0,,0.269,0.269,8.9,9.0,10.1,10.3,8.6,10.6,5.7,5.7,39.0,42.0,,,,,,,,,,,,,cairosantos,Cairo Santos,Cairo,Santos,K,CHI,Cairo Santos,K,
Jake Moody K  SF,17.0,,,,,,,,,,,,,139.0,8.2,,,,30.0,35.0,,0.228,0.228,8.4,8.6,9.5,10.7,6.6,9.8,4.84,4.84,49.0,50.0,,,,,,,,,,,,,jakemoody,Jake Moody,Jake,Moody,K,SF,Jake Moody,K,
Evan McPherson K  CIN,17.0,,,,,,,,,,,,,139.0,8.2,,,,30.0,34.0,,0.252,0.252,6.9,7.0,8.2,8.3,8.9,9.9,5.4,5.4,49.0,50.0,,,,,,,,,,,,,evanmcpherson,Evan McPherson,Evan,McPherson,K,CIN,Evan McPherson,K,
Cameron Dicker K  LAC,17.0,,,,,,,,,,,,,138.0,8.1,,,,31.0,33.0,,0.25,0.251,7.7,7.8,8.2,8.3,9.1,10.1,5.3,5.3,45.0,45.0,,,,,,,,,,,,,camerondicker,Cameron Dicker,Cameron,Dicker,K,LAC,Cameron Dicker,K,
Jason Sanders K  MIA,17.0,,,,,,,,,,,,,138.0,8.1,,,,29.0,34.0,,0.228,0.228,6.8,6.9,8.3,8.5,8.6,10.6,4.81,4.81,51.0,52.0,,,,,,,,,,,,,jasonsanders,Jason Sanders,Jason,Sanders,K,MIA,Jason Sanders,K,
Matt Gay K  IND,17.0,,,,,,,,,,,,,137.0,8.1,,,,32.0,38.0,,0.264,0.265,8.6,8.7,10.1,10.8,7.6,9.4,5.6,5.6,41.0,42.0,,,,,,,,,,,,,mattgay,Matt Gay,Matt,Gay,K,IND,Matt Gay,K,
Cam Little K  JAC,17.0,,,,,,,,,,,,,136.0,8.0,,,,32.0,39.0,,0.322,0.325,9.0,9.3,10.3,11.5,9.0,11.7,3.54,3.54,40.0,44.0,,,,,,,,,,,,,camlittle,Cam Little,Cam,Little,K,JAC,Cam Little,K,
Dustin Hopkins K  CLE,17.0,,,,,,,,,,,,,134.0,7.9,,,,32.0,36.0,,0.257,0.257,7.9,7.9,8.3,8.5,10.1,12.8,5.5,5.5,38.0,41.0,,,,,,,,,,,,,dustinhopkins,Dustin Hopkins,Dustin,Hopkins,K,CLE,Dustin Hopkins,K,
Greg Zuerlein K  NYJ,17.0,,,,,,,,,,,,,132.0,7.8,,,,33.0,37.0,,0.264,0.264,7.2,7.3,9.8,10.7,11.2,12.5,4.77,4.77,33.0,36.0,,,,,,,,,,,,,gregzuerlein,Greg Zuerlein,Greg,Zuerlein,K,NYJ,Greg Zuerlein,K,
Joshua Karty K  LAR,17.0,,,,,,,,,,,,,130.0,7.6,,,,31.0,38.0,,0.313,0.317,8.8,9.0,10.0,11.2,8.8,11.4,3.45,3.45,37.0,41.0,,,,,,,,,,,,,joshuakarty,Joshua Karty,Joshua,Karty,K,LAR,Joshua Karty,K,
Chase McLaughlin K  TB,17.0,,,,,,,,,,,,,128.0,7.5,,,,29.0,34.0,,0.235,0.235,7.7,7.8,9.7,9.8,6.8,9.4,5.0,5.0,41.0,41.0,,,,,,,,,,,,,chasemclaughlin,Chase McLaughlin,Chase,McLaughlin,K,TB,Chase McLaughlin,K,
Matt Prater K  ARI,17.0,,,,,,,,,,,,,126.0,7.4,,,,29.0,33.0,,0.251,0.252,6.9,7.0,8.8,9.9,7.2,8.9,5.3,5.3,39.0,40.0,,,,,,,,,,,,,mattprater,Matt Prater,Matt,Prater,K,ARI,Matt Prater,K,
Jake Bates K  DET,17.0,,,,,,,,,,,,,120.0,7.1,,,,25.0,30.0,,0.252,0.254,7.0,7.3,8.1,9.0,7.0,9.2,2.77,2.77,45.0,50.0,,,,,,,,,,,,,jakebates,Jake Bates,Jake,Bates,K,DET,Jake Bates,K,
Wil Lutz K  DEN,17.0,,,,,,,,,,,,,120.0,7.1,,,,28.0,34.0,,0.216,0.216,8.6,8.7,10.3,11.3,6.2,8.5,2.97,2.97,36.0,38.0,,,,,,,,,,,,,willutz,Wil Lutz,Wil,Lutz,K,DEN,Wil Lutz,K,
Chris Boswell K  PIT,17.0,,,,,,,,,,,,,114.0,6.7,,,,27.0,31.0,,0.218,0.218,7.7,7.9,7.1,7.6,7.4,9.2,4.63,4.63,33.0,34.0,,,,,,,,,,,,,chrisboswell,Chris Boswell,Chris,Boswell,K,PIT,Chris Boswell,K,
Nick Folk K  TEN,17.0,,,,,,,,,,,,,109.0,6.4,,,,26.0,27.0,,0.203,0.203,7.5,7.5,7.6,7.7,6.2,6.9,4.03,4.03,31.0,34.0,,,,,,,,,,,,,nickfolk,Nick Folk,Nick,Folk,K,TEN,Nick Folk,K,
Daniel Carlson K  LV,17.0,,,,,,,,,,,,,109.0,6.4,,,,25.0,28.0,,0.203,0.204,8.1,8.2,6.6,7.2,7.5,8.3,2.69,2.69,34.0,35.0,,,,,,,,,,,,,danielcarlson,Daniel Carlson,Daniel,Carlson,K,LV,Daniel Carlson,K,
Cade York K  WAS,17.0,,,,,,,,,,,,,107.0,6.3,,,,23.0,29.0,,0.18,0.181,4.96,5.0,8.5,10.1,5.6,7.5,3.76,3.76,38.0,40.0,,,,,,,,,,,,,cadeyork,Cade York,Cade,York,K,WAS,Cade York,K,
Will Reichard K  MIN,17.0,,,,,,,,,,,,,104.0,6.1,,,,24.0,29.0,,0.244,0.246,6.8,7.0,7.8,8.7,6.8,8.9,2.68,2.68,32.0,35.0,,,,,,,,,,,,,willreichard,Will Reichard,Will,Reichard,K,MIN,Will Reichard,K,
Eddy Pineiro K  CAR,17.0,,,,,,,,,,,,,100.0,5.9,,,,25.0,29.0,,0.197,0.197,5.4,5.5,7.9,8.0,7.6,9.2,4.16,4.16,25.0,28.0,,,,,,,,,,,,,eddypineiro,Eddy Pineiro,Eddy,Pineiro,K,CAR,Eddy Pineiro,K,
Graham Gano K  NYG,17.0,,,,,,,,,,,,,95.0,5.6,,,,21.0,27.0,,0.173,0.174,4.77,4.82,6.8,8.2,5.7,8.5,3.69,3.69,32.0,33.0,,,,,,,,,,,,,grahamgano,Graham Gano,Graham,Gano,K,NYG,Graham Gano,K,
Chad Ryland K  NE,17.0,,,,,,,,,,,,,85.0,5.0,,,,19.0,26.0,,0.154,0.154,4.8,4.85,6.0,7.2,6.0,9.0,2.4,2.4,28.0,30.0,,,,,,,,,,,,,chadryland,Chad Ryland,Chad,Ryland,K,NE,Chad Ryland,K,
Greg Joseph K  GB,17.0,,,,,,,,,,,,,79.0,4.6,,,,19.0,28.0,,0.265,0.265,5.2,5.8,6.1,8.1,4.07,6.8,3.01,3.01,22.0,30.0,,,,,,,,,,,,,gregjoseph,Greg Joseph,Greg,Joseph,K,GB,Greg Joseph,K,
Anders Carlson K  GB,17.0,,,,,,,,,,,,,51.0,3.0,,,,12.0,18.0,,0.1,0.1,3.44,3.82,4.73,6.3,2.86,4.76,1.29,1.29,15.0,21.0,,,,,,,,,,,,,anderscarlson,Anders Carlson,Anders,Carlson,K,GB,Anders Carlson,K,
,,,,,,,15.0,,,,276.9,,,238.3,14.0,,,,,,,,,,,,,,,,,,,Baltimore,0.0,54.7,676.0,15.0,20.0,3.6,336.0,19.8,0.0,1810.0,4707.0,,,,,,,,,
,,,,,,,15.0,,,,253.9,,,237.7,14.0,,,,,,,,,,,,,,,,,,,N.Y. Jets,0.0,60.5,638.0,13.0,17.0,3.2,352.0,20.7,0.0,1766.0,4316.0,,,,,,,,,
,,,,,,,14.0,,,,291.8,,,234.7,13.8,,,,,,,,,,,,,,,,,,,Buffalo,0.0,52.3,640.0,16.0,22.0,3.4,355.0,20.9,0.0,1930.0,4960.0,,,,,,,,,
,,,,,,,12.0,,,,267.0,,,224.7,13.2,,,,,,,,,,,,,,,,,,,Kansas City,0.0,55.9,668.0,13.0,18.0,2.8,341.0,20.1,0.0,1888.0,4539.0,,,,,,,,,
,,,,,,,14.0,,,,296.8,,,204.0,12.0,,,,,,,,,,,,,,,,,,,Dallas,0.0,59.4,668.0,15.0,20.0,3.1,389.0,22.9,0.0,1748.0,5046.0,,,,,,,,,
,,,,,,,12.0,,,,296.6,,,195.6,11.5,,,,,,,,,,,,,,,,,,,Miami,0.0,56.2,685.0,15.0,20.0,2.9,407.0,23.9,0.0,1594.0,5042.0,,,,,,,,,
,,,,,,,15.0,,,,278.9,,,190.5,11.2,,,,,,,,,,,,,,,,,,,Cleveland,0.0,53.1,631.0,11.0,16.0,2.9,388.0,22.8,0.0,1700.0,4741.0,,,,,,,,,
,,,,,,,13.0,,,,295.6,,,190.4,11.2,,,,,,,,,,,,,,,,,,,Philadelphia,0.0,51.0,680.0,14.0,19.0,2.9,399.0,23.5,0.0,1774.0,5026.0,,,,,,,,,
,,,,,,,10.0,,,,305.4,,,184.4,10.8,,,,,,,,,,,,,,,,,,,Tampa Bay,0.0,50.2,708.0,15.0,21.0,2.7,341.0,20.1,0.0,1672.0,5191.0,,,,,,,,,
,,,,,,,11.0,,,,278.9,,,183.0,10.8,,,,,,,,,,,,,,,,,,,Atlanta,0.0,57.4,654.0,10.0,14.0,2.6,414.0,24.4,0.0,1605.0,4741.0,,,,,,,,,
,,,,,,,15.0,,,,300.8,,,182.0,10.7,,,,,,,,,,,,,,,,,,,San Francisco,0.0,42.0,688.0,12.0,16.0,3.0,342.0,20.1,0.0,1765.0,5114.0,,,,,,,,,
,,,,,,,17.0,,,,297.1,,,174.2,10.2,,,,,,,,,,,,,,,,,,,Chicago,0.0,36.2,677.0,9.0,13.0,3.0,383.0,22.5,0.0,1632.0,5051.0,,,,,,,,,
,,,,,,,12.0,,,,308.4,,,168.5,9.9,,,,,,,,,,,,,,,,,,,Houston,0.0,64.7,698.0,13.0,18.0,3.3,390.0,22.9,0.0,1705.0,5242.0,,,,,,,,,
,,,,,,,12.0,,,,292.8,,,166.2,9.8,,,,,,,,,,,,,,,,,,,New England,0.0,34.6,692.0,12.0,16.0,2.6,424.0,24.9,0.0,1452.0,4977.0,,,,,,,,,
,,,,,,,12.0,,,,310.0,,,166.0,9.8,,,,,,,,,,,,,,,,,,,Indianapolis,0.0,65.8,685.0,13.0,17.0,2.7,456.0,26.8,0.0,1801.0,5270.0,,,,,,,,,
,,,,,,,12.0,,,,291.7,,,161.7,9.5,,,,,,,,,,,,,,,,,,,Carolina,0.0,39.9,697.0,8.0,11.0,2.3,458.0,26.9,0.0,1746.0,4959.0,,,,,,,,,
,,,,,,,14.0,,,,333.8,,,160.4,9.4,,,,,,,,,,,,,,,,,,,Cincinnati,0.0,52.6,690.0,13.0,18.0,3.3,391.0,23.0,0.0,1993.0,5675.0,,,,,,,,,
,,,,,,,14.0,,,,323.2,,,158.6,9.3,,,,,,,,,,,,,,,,,,,Pittsburgh,0.0,53.8,685.0,13.0,18.0,2.8,372.0,21.9,0.0,1867.0,5494.0,,,,,,,,,
,,,,,,,11.0,,,,316.4,,,158.0,9.3,,,,,,,,,,,,,,,,,,,L.A. Chargers,0.0,52.8,681.0,15.0,21.0,3.2,395.0,23.2,0.0,1793.0,5378.0,,,,,,,,,
,,,,,,,13.0,,,,324.8,,,155.2,9.1,,,,,,,,,,,,,,,,,,,N.Y. Giants,0.0,42.0,693.0,17.0,23.0,3.2,404.0,23.8,0.0,2057.0,5522.0,,,,,,,,,
,,,,,,,15.0,,,,311.8,,,154.7,9.1,,,,,,,,,,,,,,,,,,,New Orleans,0.0,42.9,673.0,14.0,19.0,3.3,384.0,22.6,0.0,1898.0,5300.0,,,,,,,,,
,,,,,,,13.0,,,,317.1,,,152.4,9.0,,,,,,,,,,,,,,,,,,,Jacksonville,0.0,41.8,695.0,16.0,22.0,3.1,394.0,23.2,0.0,1832.0,5391.0,,,,,,,,,
,,,,,,,12.0,,,,324.1,,,150.6,8.9,,,,,,,,,,,,,,,,,,,Green Bay,0.0,49.8,688.0,13.0,18.0,2.8,384.0,22.6,0.0,1969.0,5510.0,,,,,,,,,
,,,,,,,9.0,,,,339.3,,,149.8,8.8,,,,,,,,,,,,,,,,,,,Denver,0.0,44.4,702.0,18.0,24.0,2.9,469.0,27.6,0.0,1974.0,5768.0,,,,,,,,,
,,,,,,,12.0,,,,334.6,,,148.6,8.7,,,,,,,,,,,,,,,,,,,Seattle,0.0,50.4,693.0,12.0,16.0,2.7,402.0,23.6,0.0,2069.0,5689.0,,,,,,,,,
,,,,,,,11.0,,,,306.4,,,146.7,8.6,,,,,,,,,,,,,,,,,,,Las Vegas,0.0,49.7,706.0,13.0,18.0,2.5,376.0,22.1,0.0,1766.0,5209.0,,,,,,,,,
,,,,,,,10.0,,,,306.3,,,142.3,8.4,,,,,,,,,,,,,,,,,,,Minnesota,0.0,47.3,716.0,13.0,18.0,2.5,421.0,24.8,0.0,1686.0,5207.0,,,,,,,,,
,,,,,,,14.0,,,,328.7,,,142.1,8.4,,,,,,,,,,,,,,,,,,,Detroit,0.0,43.3,675.0,10.0,14.0,2.8,413.0,24.3,0.0,1690.0,5588.0,,,,,,,,,
,,,,,,,10.0,,,,303.8,,,139.1,8.2,,,,,,,,,,,,,,,,,,,Tennessee,0.0,47.3,689.0,12.0,16.0,2.3,411.0,24.2,0.0,1550.0,5164.0,,,,,,,,,
,,,,,,,11.0,,,,330.8,,,137.0,8.1,,,,,,,,,,,,,,,,,,,Arizona,0.0,44.6,694.0,11.0,16.0,2.4,472.0,27.8,0.0,1992.0,5624.0,,,,,,,,,
,,,,,,,13.0,,,,321.5,,,132.9,7.8,,,,,,,,,,,,,,,,,,,L.A. Rams,0.0,39.9,679.0,9.0,12.0,2.5,434.0,25.5,0.0,1751.0,5465.0,,,,,,,,,
,,,,,,,12.0,,,,321.9,,,119.5,7.0,,,,,,,,,,,,,,,,,,,Washington,0.0,51.3,693.0,14.0,19.0,2.7,484.0,28.5,0.0,1863.0,5473.0,,,,,,,,,
